year,week,Rank,LW,Release,Gross,%± LW,Theaters,Change,Average,Total Gross,Weeks,Distributor
2024,1,1,1,Wonka,"$17,589,553",-55.5%,"3,817",-234,"$4,608","$167,813,855",4,Warner Bros.
2024,1,2,-,Night Swim,"$14,510,415",-,"3,250",-,"$4,464","$14,510,415",1,Universal Pictures International (UPI)
2024,1,3,4,Anyone But You,"$14,025,726",-22.6%,"3,055",-,"$4,591","$48,239,370",3,Columbia Pictures
2024,1,4,2,Aquaman and the Lost Kingdom,"$13,552,068",-56.6%,"3,553",-234,"$3,814","$102,963,347",3,Warner Bros.
2024,1,5,3,Migration,"$11,995,500",-60.6%,"3,712",-127,"$3,231","$79,565,635",3,Universal Pictures
2024,1,6,6,The Boys in the Boat,"$7,954,484",-44.3%,"2,687",+130,"$2,960","$35,831,103",3,-
2024,1,7,7,The Iron Claw,"$6,420,106",-24.5%,"2,392",-402,"$2,683","$26,235,160",3,A24
2024,1,8,5,The Color Purple,"$6,093,413",-65.3%,"3,218",+15,"$1,893","$55,949,846",3,Warner Bros.
2024,1,9,8,Ferrari,"$3,378,646",-49.1%,"2,121",-265,"$1,592","$16,879,105",3,Neon
2024,1,10,11,Poor Things,"$3,296,065",-21.9%,750,-50,"$4,394","$15,523,307",5,Searchlight Pictures
2024,1,11,10,The Boy and the Heron,"$2,702,639",-38.9%,910,-30,"$2,969","$40,588,271",5,GKIDS
2024,1,12,12,Godzilla Minus One,"$2,426,074",-41.4%,"1,050",-130,"$2,310","$49,866,917",6,-
2024,1,13,9,The Hunger Games: The Ballad of Songbirds & Snakes,"$2,386,683",-53.7%,"1,428",-232,"$1,671","$164,388,255",8,Lionsgate Films
2024,1,14,13,Trolls Band Together,"$1,515,245",-58.3%,"1,137",-380,"$1,332","$100,725,580",8,Universal Pictures
2024,1,15,19,American Fiction,"$1,345,198",+85.5%,114,+74,"$11,799","$3,315,205",4,Metro-Goldwyn-Mayer (MGM)
2024,1,16,14,Wish,"$998,025",-60.8%,900,-365,"$1,108","$62,817,619",8,Walt Disney Studios Motion Pictures
2024,1,17,24,All of Us Strangers,"$618,931",+197.8%,42,+36,"$14,736","$1,059,678",3,Searchlight Pictures
2024,1,18,17,Napoleon,"$399,226",-63.2%,337,-413,"$1,184","$61,303,315",8,Columbia Pictures
2024,1,19,18,Renaissance: A Film by Beyoncé,"$346,259",-54.1%,182,-69,"$1,902","$33,889,684",6,-
2024,1,20,16,Salaar,"$198,401",-82.4%,161,-379,"$1,232","$8,893,552",3,N/A
2024,1,21,20,The Holdovers,"$195,870",-44.2%,153,-84,"$1,280","$18,551,660",11,Focus Features
2024,1,22,26,The Zone of Interest,"$152,205",-11.4%,6,-,"$25,367","$701,386",5,A24
2024,1,23,34,Noryang: Deadly Sea,"$126,259",+246.5%,4,-,"$31,564","$217,340",3,Well Go USA Entertainment
2024,1,24,21,Taylor Swift: The Eras Tour,"$103,440",-54.4%,71,-86,"$1,456","$180,756,269",13,-
2024,1,25,23,Animal,"$92,803",-57.8%,54,+5,"$1,718","$14,967,021",6,N/A
2024,1,26,32,Memory,"$92,444",+119.5%,14,+12,"$6,603","$188,166",3,Ketchup Entertainment
2024,1,27,25,Saltburn,"$82,073",-52.5%,65,-47,"$1,262","$11,425,829",8,Warner Bros.
2024,1,28,22,The Shift,"$74,591",-66.3%,109,-61,$684,"$12,092,679",6,Angel Studios
2024,1,29,-,Weak Layers,"$66,995",-,65,-,"$1,030","$66,995",1,Greenwich Entertainment
2024,1,30,30,Anselm,"$66,263",+40.1%,16,+9,"$4,141","$249,446",5,Janus Films
2024,1,31,27,Anatomy of a Fall,"$55,014",-5.2%,18,+3,"$3,056","$3,833,463",13,-
2024,1,32,31,Dream Scenario,"$37,262",-19.5%,75,+39,$496,"$5,674,808",9,A24
2024,1,33,28,Killers of the Flower Moon,"$34,312",-36.1%,35,-2,$980,"$67,352,778",12,Paramount Pictures
2024,1,34,37,Monster,"$30,831",+6.8%,10,-,"$3,083","$364,785",8,Well Go USA Entertainment
2024,1,35,39,Freud's Last Session,"$25,318",+23.2%,10,+5,"$2,531","$99,770",3,Sony Pictures Releasing
2024,1,36,-,Great Pretender: Razbliuto,"$22,624",-,25,-,$904,"$22,624",1,Sony Pictures Releasing
2024,1,37,36,Radical,"$21,683",-27.4%,20,+6,"$1,084","$8,672,767",10,Pantelion Films
2024,1,38,46,The Teachers' Lounge,"$19,995",+92.6%,3,-,"$6,665","$61,631",3,Sony Pictures Releasing
2024,1,39,38,Priscilla,"$17,986",-12.8%,21,+6,$856,"$20,930,317",11,A24
2024,1,40,40,Menus-Plaisirs - Les Troisgros,"$17,012",-15.8%,10,+2,"$1,701","$100,866",8,Zipporah Films
2024,1,41,48,The Sweet East,"$12,035",+33.7%,3,+2,"$4,011","$107,311",6,Utopia
2024,1,42,41,The Crime Is Mine,"$11,632",-35%,4,+1,"$2,908","$38,759",3,Music Box Films
2024,1,43,35,Thanksgiving,"$8,607",-75.1%,28,-37,$307,"$31,822,151",8,TriStar Pictures
2024,1,44,-,Mayhem!,"$8,510",-,24,-,$354,"$8,510",1,IFC Films
2024,1,45,-,Questions,"$7,181",-,20,-,$359,"$7,181",1,Entertainment Squad
2024,1,46,52,Immediate Family,"$6,683",+115.2%,4,-,"$1,670","$65,637",4,Magnolia Pictures
2024,1,47,43,The Oath,"$6,505",-55.9%,8,-8,$813,"$482,454",5,Freestyle Releasing
2024,1,48,49,Past Lives,"$5,314",+15.5%,3,-1,"$1,771","$11,038,971",32,A24
2024,1,49,50,Barbie,"$5,095",+27.4%,13,-3,$391,"$636,233,117",25,Warner Bros.
2024,1,50,54,Smoke Sauna Sisterhood,"$4,838",+558.2%,5,+4,$967,"$19,839",7,Greenwich Entertainment
2024,1,51,53,Four Daughters,"$4,358",+483.4%,7,+6,$622,"$48,933",11,Kino Lorber
2024,1,52,-,Clean Slate2023 Re-release,"$3,867",-,6,-,$644,"$11,527",6,Rialto Pictures
2024,1,53,47,Oppenheimer,"$3,550",-65.8%,27,+2,$131,"$326,107,905",25,Universal Pictures
2024,1,54,-,Peeping Tom2023 Re-release,"$2,972",-,2,-,"$1,486","$28,179",11,N/A
2024,1,55,42,Stop Making Sense2023  Re-release,"$2,889",-82.3%,4,-4,$722,"$5,117,271",16,-
2024,1,56,-,The Disappearance of Shere Hite,"$2,151",-,3,-,$717,"$48,623",8,N/A
2024,1,57,51,Godard Cinema,"$1,438",-58.9%,3,-1,$479,"$21,684",4,Kino Lorber
2024,1,58,59,La Syndicaliste,$832,"+1,200%",3,+2,$277,"$27,722",6,Kino Lorber
2024,1,59,55,After Death,$305,-50.5%,1,-8,$305,"$11,478,266",11,Angel Studios
2024,1,60,57,Fremont,$138,-72.1%,1,-,$138,"$270,118",20,Music Box Films
2024,2,1,-,Mean Girls,"$38,348,633",-,"3,791",-,"$10,115","$38,348,633",1,Paramount Pictures
2024,2,2,-,The Beekeeper,"$22,653,563",-,"3,303",-,"$6,858","$22,653,563",1,Metro-Goldwyn-Mayer (MGM)
2024,2,3,1,Wonka,"$12,913,883",-26.6%,"3,346",-471,"$3,859","$180,727,738",5,Warner Bros.
2024,2,4,3,Anyone But You,"$10,582,208",-24.6%,"2,935",-120,"$3,605","$58,821,578",4,Columbia Pictures
2024,2,5,5,Migration,"$9,806,800",-18.2%,"3,224",-488,"$3,041","$89,372,435",4,Universal Pictures
2024,2,6,4,Aquaman and the Lost Kingdom,"$7,571,369",-44.1%,"2,741",-812,"$2,762","$110,534,716",4,Warner Bros.
2024,2,7,2,Night Swim,"$6,543,725",-54.9%,"3,257",+7,"$2,009","$21,054,140",2,Universal Pictures International (UPI)
2024,2,8,6,The Boys in the Boat,"$5,496,304",-30.9%,"2,007",-680,"$2,738","$41,327,407",4,-
2024,2,9,7,The Iron Claw,"$3,688,483",-42.5%,"1,591",-801,"$2,318","$29,923,643",4,A24
2024,2,10,-,The Book of Clarence,"$3,572,549",-,"2,010",-,"$1,777","$3,572,549",1,Sony Pictures Releasing
2024,2,11,15,American Fiction,"$2,888,454",+114.7%,625,+511,"$4,621","$6,203,659",5,Metro-Goldwyn-Mayer (MGM)
2024,2,12,10,Poor Things,"$2,829,997",-14.1%,580,-170,"$4,879","$18,353,304",6,Searchlight Pictures
2024,2,13,8,The Color Purple,"$2,612,359",-57.1%,"1,178","-2,040","$2,217","$58,562,205",4,Warner Bros.
2024,2,14,11,The Boy and the Heron,"$1,793,052",-33.7%,610,-300,"$2,939","$42,381,323",6,GKIDS
2024,2,15,12,Godzilla Minus One,"$1,357,544",-44%,605,-445,"$2,243","$51,224,461",7,-
2024,2,16,9,Ferrari,"$945,822",-72%,662,"-1,459","$1,428","$17,824,927",4,Neon
2024,2,17,13,The Hunger Games: The Ballad of Songbirds & Snakes,"$892,690",-62.6%,733,-695,"$1,217","$165,280,945",9,Lionsgate Films
2024,2,18,14,Trolls Band Together,"$808,970",-46.6%,618,-519,"$1,309","$101,534,550",9,Universal Pictures
2024,2,19,17,All of Us Strangers,"$723,794",+16.9%,120,+78,"$6,031","$1,783,472",4,Searchlight Pictures
2024,2,20,-,Soul,"$714,516",-,"1,350",-,$529,"$714,516",1,Walt Disney Studios Motion Pictures
2024,2,21,53,Oppenheimer,"$606,500","+16,984.5%",139,+112,"$4,363","$326,714,405",26,Universal Pictures
2024,2,22,22,The Zone of Interest,"$407,700",+167.9%,25,+19,"$16,308","$1,109,086",6,A24
2024,2,23,16,Wish,"$391,597",-60.8%,395,-505,$991,"$63,209,216",9,Walt Disney Studios Motion Pictures
2024,2,24,26,Memory,"$158,937",+71.9%,151,+137,"$1,052","$347,103",4,Ketchup Entertainment
2024,2,25,21,The Holdovers,"$138,375",-29.4%,100,-53,"$1,383","$18,690,035",12,Focus Features
2024,2,26,18,Napoleon,"$128,180",-67.9%,238,-99,$538,"$61,431,495",9,Columbia Pictures
2024,2,27,-,I Did It My Way,"$122,360",-,36,-,"$3,398","$122,360",1,Well Go USA Entertainment
2024,2,28,35,Freud's Last Session,"$80,648",+218.5%,34,+24,"$2,372","$180,418",4,Sony Pictures Releasing
2024,2,29,31,Anatomy of a Fall,"$79,621",+44.7%,27,+9,"$2,948","$3,913,084",14,-
2024,2,30,23,Noryang: Deadly Sea,"$57,098",-54.8%,13,+9,"$4,392","$274,438",4,Well Go USA Entertainment
2024,2,31,30,Anselm,"$56,262",-15.1%,25,+9,"$2,250","$305,708",6,Janus Films
2024,2,32,29,Weak Layers,"$36,030",-46.2%,12,-53,"$3,002","$103,025",2,Greenwich Entertainment
2024,2,33,38,The Teachers' Lounge,"$31,680",+58.4%,8,+5,"$3,960","$93,311",4,Sony Pictures Releasing
2024,2,34,34,Monster,"$31,430",+1.9%,15,+5,"$2,095","$396,215",9,Well Go USA Entertainment
2024,2,35,-,Driving Madeleine,"$30,004",-,-,-,-,"$30,004",1,Cohen Media Group
2024,2,36,25,Animal,"$23,850",-74.3%,9,-45,"$2,650","$14,990,871",7,N/A
2024,2,37,20,Salaar,"$23,644",-88.1%,9,-152,"$2,627","$8,917,196",4,N/A
2024,2,38,42,The Crime Is Mine,"$21,144",+81.8%,19,+15,"$1,112","$59,903",4,Music Box Films
2024,2,39,41,The Sweet East,"$18,978",+57.7%,5,+2,"$3,795","$126,289",7,Utopia
2024,2,40,32,Dream Scenario,"$18,382",-50.7%,16,-59,"$1,148","$5,693,190",10,A24
2024,2,41,33,Killers of the Flower Moon,"$17,338",-49.5%,23,-12,$753,"$67,370,116",13,Paramount Pictures
2024,2,42,40,Menus-Plaisirs - Les Troisgros,"$14,511",-14.7%,12,+2,"$1,209","$115,377",9,Zipporah Films
2024,2,43,37,Radical,"$13,335",-38.5%,16,-4,$833,"$8,686,102",11,Pantelion Films
2024,2,44,28,The Shift,"$12,494",-83.2%,30,-79,$416,"$12,105,173",7,Angel Studios
2024,2,45,-,Common Ground,"$11,778",-,4,-,"$2,944","$259,228",16,Area 23a
2024,2,46,48,Past Lives,"$9,922",+86.7%,5,+2,"$1,984","$11,048,893",33,A24
2024,2,47,39,Priscilla,"$9,874",-45.1%,8,-13,"$1,234","$20,940,191",12,A24
2024,2,48,-,Household Saints2024 Re-release,"$9,093",-,1,-,"$9,093","$11,323",1,Kino Lorber
2024,2,49,-,Inshallah a Boy,"$9,068",-,1,-,"$9,068","$9,068",1,Greenwich Entertainment
2024,2,50,55,Stop Making Sense2023  Re-release,"$5,405",+87.1%,6,+2,$900,"$5,122,676",17,-
2024,2,51,47,The Oath,"$3,351",-48.5%,8,-,$418,"$485,805",6,Freestyle Releasing
2024,2,52,54,Peeping Tom2023 Re-release,"$3,313",+11.5%,6,+4,$552,"$31,492",12,N/A
2024,2,53,49,Barbie,"$3,284",-35.5%,26,+13,$126,"$636,236,401",26,Warner Bros.
2024,2,54,51,Four Daughters,"$2,575",-40.9%,7,-,$367,"$51,508",12,Kino Lorber
2024,2,55,58,La Syndicaliste,"$1,776",+113.5%,1,-2,"$1,776","$29,498",7,Kino Lorber
2024,2,56,50,Smoke Sauna Sisterhood,"$1,360",-71.9%,3,-2,$453,"$21,199",8,Greenwich Entertainment
2024,2,57,43,Thanksgiving,"$1,230",-85.7%,7,-21,$175,"$31,823,381",9,TriStar Pictures
2024,2,58,46,Immediate Family,$742,-88.9%,2,-2,$371,"$66,379",5,Magnolia Pictures
2024,2,59,57,Godard Cinema,$529,-63.2%,2,-1,$264,"$22,213",5,Kino Lorber
2024,2,60,56,The Disappearance of Shere Hite,$501,-76.7%,1,-2,$501,"$49,124",9,N/A
2024,2,61,59,After Death,$60,-80.3%,1,-,$60,"$11,478,326",12,Angel Studios
2024,3,1,1,Mean Girls,"$15,156,862",-60.5%,"3,826",+35,"$3,961","$53,505,495",2,Paramount Pictures
2024,3,2,2,The Beekeeper,"$12,213,346",-46.1%,"3,330",+27,"$3,667","$34,866,909",2,Metro-Goldwyn-Mayer (MGM)
2024,3,3,3,Wonka,"$8,535,267",-33.9%,"3,136",-210,"$2,721","$189,263,005",6,Warner Bros.
2024,3,4,4,Anyone But You,"$7,573,960",-28.4%,"2,928",-7,"$2,586","$66,395,538",5,Columbia Pictures
2024,3,5,5,Migration,"$6,731,225",-31.4%,"3,094",-130,"$2,175","$96,103,660",5,Universal Pictures
2024,3,6,6,Aquaman and the Lost Kingdom,"$4,747,318",-37.3%,"2,423",-318,"$1,959","$115,282,034",5,Warner Bros.
2024,3,7,-,I.S.S.,"$4,202,222",-,"2,518",-,"$1,668","$4,202,222",1,Bleecker Street Media
2024,3,8,8,The Boys in the Boat,"$3,925,801",-28.6%,"2,012",+5,"$1,951","$45,253,208",5,-
2024,3,9,7,Night Swim,"$3,651,090",-44.2%,"2,708",-549,"$1,348","$24,705,230",3,Universal Pictures International (UPI)
2024,3,10,12,Poor Things,"$3,391,493",+19.8%,"1,400",+820,"$2,422","$21,744,797",7,Searchlight Pictures
2024,3,11,11,American Fiction,"$2,742,839",-5%,850,+225,"$3,226","$8,946,498",6,Metro-Goldwyn-Mayer (MGM)
2024,3,12,9,The Iron Claw,"$2,246,473",-39.1%,"1,321",-270,"$1,700","$32,170,116",5,A24
2024,3,13,10,The Book of Clarence,"$1,550,589",-56.6%,"2,010",-,$771,"$5,123,138",2,Sony Pictures Releasing
2024,3,14,14,The Boy and the Heron,"$1,195,623",-33.3%,580,-30,"$2,061","$43,576,946",7,GKIDS
2024,3,15,15,Godzilla Minus One,"$1,185,002",-12.7%,535,-70,"$2,214","$52,409,463",8,-
2024,3,16,-,Origin,"$1,040,465",-,125,-,"$8,323","$1,040,465",7,-
2024,3,17,13,The Color Purple,"$1,011,686",-61.3%,781,-397,"$1,295","$59,573,891",5,Warner Bros.
2024,3,18,19,All of Us Strangers,"$847,648",+17.1%,295,+175,"$2,873","$2,631,120",5,Searchlight Pictures
2024,3,19,22,The Zone of Interest,"$810,364",+98.8%,82,+57,"$9,882","$1,919,450",7,A24
2024,3,20,17,The Hunger Games: The Ballad of Songbirds & Snakes,"$772,850",-13.4%,"1,115",+382,$693,"$166,053,795",10,Lionsgate Films
2024,3,21,28,Freud's Last Session,"$495,187",+514%,634,+600,$781,"$675,605",5,Sony Pictures Releasing
2024,3,22,18,Trolls Band Together,"$459,100",-43.2%,478,-140,$960,"$101,993,650",10,Universal Pictures
2024,3,23,21,Oppenheimer,"$445,030",-26.6%,254,+115,"$1,752","$327,159,435",27,Universal Pictures
2024,3,24,16,Ferrari,"$411,067",-56.5%,327,-335,"$1,257","$18,235,995",5,Neon
2024,3,25,-,Spider-Man: Across the Spider-Verse2024 Re-release,"$253,602",-,466,-,$544,"$253,602",1,Sony Pictures Releasing
2024,3,26,20,Soul,"$231,638",-67.6%,"1,360",+10,$170,"$946,154",2,Walt Disney Studios Motion Pictures
2024,3,27,23,Wish,"$193,753",-50.5%,185,-210,"$1,047","$63,402,969",10,Walt Disney Studios Motion Pictures
2024,3,28,25,The Holdovers,"$135,415",-2.1%,127,+27,"$1,066","$18,825,450",13,Focus Features
2024,3,29,35,Driving Madeleine,"$78,745",+162.4%,46,-,"$1,711","$108,749",2,Cohen Media Group
2024,3,30,29,Anatomy of a Fall,"$70,285",-11.7%,25,-2,"$2,811","$3,983,369",15,-
2024,3,31,31,Anselm,"$57,078",+1.5%,19,-6,"$3,004","$362,786",7,Janus Films
2024,3,32,33,The Teachers' Lounge,"$51,538",+62.7%,16,+8,"$3,221","$144,849",5,Sony Pictures Releasing
2024,3,33,27,I Did It My Way,"$41,444",-66.1%,36,-,"$1,151","$163,804",2,Well Go USA Entertainment
2024,3,34,26,Napoleon,"$37,219",-71%,71,-167,$524,"$61,468,714",10,Columbia Pictures
2024,3,35,32,Weak Layers,"$35,556",-1.3%,15,+3,"$2,370","$138,581",3,Greenwich Entertainment
2024,3,36,30,Noryang: Deadly Sea,"$28,393",-50.3%,13,-,"$2,184","$302,831",5,Well Go USA Entertainment
2024,3,37,40,Dream Scenario,"$26,608",+44.8%,12,-4,"$2,217","$5,719,798",11,A24
2024,3,38,24,Memory,"$26,328",-83.4%,81,-70,$325,"$373,431",5,Ketchup Entertainment
2024,3,39,-,Inside the Yellow Cocoon Shell,"$19,530",-,2,-,"$9,765","$29,101",1,Kino Lorber
2024,3,40,-,One from the Heart: Reprise2024 Re-release,"$17,923",-,2,-,"$8,961","$17,923",1,Rialto Pictures
2024,3,41,41,Killers of the Flower Moon,"$15,902",-8.3%,16,-7,$993,"$67,386,018",14,Paramount Pictures
2024,3,42,54,Four Daughters,"$15,258",+492.5%,11,+4,"$1,387","$66,766",13,Kino Lorber
2024,3,43,34,Monster,"$15,065",-52.1%,15,-,"$1,004","$411,280",10,Well Go USA Entertainment
2024,3,44,39,The Sweet East,"$13,757",-27.5%,3,-2,"$4,585","$140,046",8,Utopia
2024,3,45,38,The Crime Is Mine,"$13,576",-35.8%,10,-9,"$1,357","$73,479",5,Music Box Films
2024,3,46,36,Animal,"$11,883",-50.2%,5,-4,"$2,376","$15,002,754",8,N/A
2024,3,47,43,Radical,"$10,717",-19.6%,15,-1,$714,"$8,696,819",12,Pantelion Films
2024,3,48,42,Menus-Plaisirs - Les Troisgros,"$10,489",-27.7%,11,-1,$953,"$125,866",10,Zipporah Films
2024,3,49,37,Salaar,"$9,821",-58.5%,4,-5,"$2,455","$8,927,017",5,N/A
2024,3,50,46,Past Lives,"$9,386",-5.4%,9,+4,"$1,042","$11,058,279",34,A24
2024,3,51,49,Inshallah a Boy,"$8,795",-3%,4,+3,"$2,198","$17,863",2,Greenwich Entertainment
2024,3,52,50,Stop Making Sense2023  Re-release,"$8,572",+58.6%,2,-4,"$4,286","$5,131,248",18,-
2024,3,53,-,Pasang: In the Shadow of Everest,"$8,556",-,2,-,"$4,278","$8,556",1,Slice of Pie
2024,3,54,48,Household Saints2024 Re-release,"$6,478",-28.8%,4,+3,"$1,619","$17,801",2,Kino Lorber
2024,3,55,47,Priscilla,"$6,387",-35.3%,6,-2,"$1,064","$20,946,578",13,A24
2024,3,56,44,The Shift,"$6,034",-51.7%,15,-15,$402,"$12,111,207",8,Angel Studios
2024,3,57,51,The Oath,"$3,558",+6.2%,5,-3,$711,"$489,363",7,Freestyle Releasing
2024,3,58,53,Barbie,"$2,020",-38.5%,14,-12,$144,"$636,238,421",27,Warner Bros.
2024,3,59,-,Fremont,"$1,197",-,1,-,"$1,197","$271,315",22,Music Box Films
2024,3,60,-,The Unknown Country,$720,-,1,-,$720,"$68,027",26,Music Box Films
2024,3,61,52,Peeping Tom2023 Re-release,$638,-80.7%,2,-4,$319,"$32,130",13,N/A
2024,3,62,59,Godard Cinema,$255,-51.8%,1,-1,$255,"$22,468",6,Kino Lorber
2024,3,63,57,Thanksgiving,$217,-82.4%,3,-4,$72,"$31,823,598",10,TriStar Pictures
2024,4,1,2,The Beekeeper,"$9,275,467",-24.1%,"3,337",+7,"$2,779","$44,142,376",3,Metro-Goldwyn-Mayer (MGM)
2024,4,2,1,Mean Girls,"$8,885,543",-41.4%,"3,544",-282,"$2,507","$62,391,038",3,Paramount Pictures
2024,4,3,3,Wonka,"$7,093,367",-16.9%,"3,014",-122,"$2,353","$196,356,372",7,Warner Bros.
2024,4,4,4,Anyone But You,"$6,386,116",-15.7%,"2,885",-43,"$2,213","$72,781,654",6,Columbia Pictures
2024,4,5,5,Migration,"$5,965,625",-11.4%,"2,970",-124,"$2,008","$102,069,285",6,Universal Pictures
2024,4,6,10,Poor Things,"$4,311,426",+27.1%,"2,300",+900,"$1,874","$26,056,223",8,Searchlight Pictures
2024,4,7,15,Godzilla Minus One,"$4,009,330",+238.3%,"2,051","+1,516","$1,954","$56,418,793",9,-
2024,4,8,11,American Fiction,"$3,765,007",+37.3%,"1,702",+852,"$2,212","$12,711,505",7,Metro-Goldwyn-Mayer (MGM)
2024,4,9,6,Aquaman and the Lost Kingdom,"$3,491,585",-26.5%,"2,118",-305,"$1,648","$118,773,619",6,Warner Bros.
2024,4,10,8,The Boys in the Boat,"$2,929,180",-25.4%,"1,869",-143,"$1,567","$48,182,388",6,-
2024,4,11,9,Night Swim,"$2,590,510",-29%,"2,268",-440,"$1,142","$27,295,740",4,Universal Pictures International (UPI)
2024,4,12,7,I.S.S.,"$1,854,915",-55.9%,"2,502",-16,$741,"$6,057,137",2,Bleecker Street Media
2024,4,13,16,Origin,"$1,755,963",+68.8%,664,+539,"$2,644","$2,796,428",8,-
2024,4,14,19,The Zone of Interest,"$1,567,048",+93.4%,317,+235,"$4,943","$3,486,498",8,A24
2024,4,15,-,The Chosen: S4 Episodes 1-3,"$1,434,170",-,"2,207",-,$649,"$1,434,170",1,Fathom Events
2024,4,16,12,The Iron Claw,"$1,381,402",-38.5%,926,-395,"$1,491","$33,551,518",6,A24
2024,4,17,23,Oppenheimer,"$1,369,860",+207.8%,"1,268","+1,014","$1,080","$328,529,295",28,Universal Pictures
2024,4,18,-,Fighter,"$1,000,000",-,662,-,"$1,510","$1,000,000",2,Viva Pictures
2024,4,19,14,The Boy and the Heron,"$929,428",-22.3%,610,+30,"$1,523","$44,506,374",8,GKIDS
2024,4,20,28,The Holdovers,"$761,565",+462.4%,"1,270","+1,143",$599,"$19,587,015",14,Focus Features
2024,4,21,18,All of Us Strangers,"$656,044",-22.6%,275,-20,"$2,385","$3,287,164",6,Searchlight Pictures
2024,4,22,13,The Book of Clarence,"$589,214",-62%,669,"-1,341",$880,"$5,712,352",3,Sony Pictures Releasing
2024,4,23,17,The Color Purple,"$579,731",-42.7%,503,-278,"$1,152","$60,153,622",6,Warner Bros.
2024,4,24,41,Killers of the Flower Moon,"$343,760","+2,061.7%",941,+925,$365,"$67,729,778",15,Paramount Pictures
2024,4,25,30,Anatomy of a Fall,"$313,561",+346.1%,380,+355,$825,"$4,296,930",16,-
2024,4,26,22,Trolls Band Together,"$307,805",-33%,352,-126,$874,"$102,301,455",11,Universal Pictures
2024,4,27,20,The Hunger Games: The Ballad of Songbirds & Snakes,"$296,799",-61.6%,444,-671,$668,"$166,350,594",11,Lionsgate Films
2024,4,28,24,Ferrari,"$183,659",-55.3%,170,-157,"$1,080","$18,419,655",6,Neon
2024,4,29,50,Past Lives,"$140,189","+1,393.6%",329,+320,$426,"$11,198,468",35,A24
2024,4,30,27,Wish,"$138,856",-28.3%,155,-30,$895,"$63,541,825",11,Walt Disney Studios Motion Pictures
2024,4,31,21,Freud's Last Session,"$128,397",-74.1%,229,-405,$560,"$804,002",6,Sony Pictures Releasing
2024,4,32,29,Driving Madeleine,"$94,527",+20%,77,+31,"$1,227","$203,276",3,Cohen Media Group
2024,4,33,63,Thanksgiving,"$85,286","+39,202.3%",511,+508,$166,"$31,908,884",11,TriStar Pictures
2024,4,34,52,Stop Making Sense2023  Re-release,"$70,136",+718.2%,15,+13,"$4,675","$5,201,384",19,-
2024,4,35,32,The Teachers' Lounge,"$69,826",+35.5%,29,+13,"$2,407","$214,675",6,Sony Pictures Releasing
2024,4,36,-,Sometimes I Think About Dying,"$43,070",-,2,-,"$21,535","$43,070",1,Oscilloscope
2024,4,37,-,Alienoid: The Return to the Future,"$42,178",-,29,-,"$1,454","$42,178",1,Well Go USA Entertainment
2024,4,38,25,Spider-Man: Across the Spider-Verse2024 Re-release,"$28,833",-88.6%,157,-309,$183,"$282,435",2,Sony Pictures Releasing
2024,4,39,44,The Sweet East,"$28,131",+104.5%,3,-,"$9,377","$168,177",9,Utopia
2024,4,40,34,Napoleon,"$24,849",-33.2%,56,-15,$443,"$61,493,563",11,Columbia Pictures
2024,4,41,-,Unit 262,"$23,498",-,10,-,"$2,349","$160,357",8,Indican Pictures
2024,4,42,31,Anselm,"$21,239",-62.8%,14,-5,"$1,517","$384,025",8,Janus Films
2024,4,43,33,I Did It My Way,"$19,970",-51.8%,13,-23,"$1,536","$183,774",3,Well Go USA Entertainment
2024,4,44,-,Hundreds of Beavers,"$18,243",-,6,-,"$3,040","$18,243",1,SRH
2024,4,45,-,The Peasants,"$17,722",-,1,-,"$17,722","$29,220",1,Sony Pictures Classics
2024,4,46,40,One from the Heart: Reprise2024 Re-release,"$16,430",-8.3%,5,+3,"$3,286","$34,353",2,Rialto Pictures
2024,4,47,39,Inside the Yellow Cocoon Shell,"$16,002",-18.1%,6,+4,"$2,667","$45,103",2,Kino Lorber
2024,4,48,-,Totem,"$15,721",-,1,-,"$15,721","$15,721",1,Janus Films
2024,4,49,45,The Crime Is Mine,"$14,221",+4.8%,11,+1,"$1,292","$87,700",6,Music Box Films
2024,4,50,42,Four Daughters,"$14,117",-7.5%,10,-1,"$1,411","$80,883",14,Kino Lorber
2024,4,51,-,American Star,"$13,675",-,47,-,$290,"$13,675",1,IFC Films
2024,4,52,43,Monster,"$11,074",-26.5%,6,-9,"$1,845","$422,354",11,Well Go USA Entertainment
2024,4,53,35,Weak Layers,"$10,196",-71.3%,9,-6,"$1,132","$148,777",4,Greenwich Entertainment
2024,4,54,37,Dream Scenario,"$9,910",-62.8%,8,-4,"$1,238","$5,729,708",12,A24
2024,4,55,-,Smoke Sauna Sisterhood,"$9,174",-,3,-,"$3,058","$30,373",10,Greenwich Entertainment
2024,4,56,36,Noryang: Deadly Sea,"$8,891",-68.7%,6,-7,"$1,481","$311,722",6,Well Go USA Entertainment
2024,4,57,-,The Pianist2024 Re-release,"$8,195",-,1,-,"$8,195","$8,195",1,Rialto Pictures
2024,4,58,38,Memory,"$7,621",-71.1%,15,-66,$508,"$381,052",6,Ketchup Entertainment
2024,4,59,55,Priscilla,"$6,702",+4.9%,10,+4,$670,"$20,953,280",14,A24
2024,4,60,47,Radical,"$5,912",-44.8%,15,-,$394,"$8,702,731",13,Pantelion Films
2024,4,61,-,The Seeding,"$4,600",-,18,-,$255,"$4,600",1,Magnet Releasing
2024,4,62,56,The Shift,"$4,225",-30%,12,-3,$352,"$12,115,432",9,Angel Studios
2024,4,63,57,The Oath,"$3,687",+3.6%,4,-1,$921,"$493,050",8,Freestyle Releasing
2024,4,64,61,Peeping Tom2023 Re-release,"$3,671",+475.4%,2,-,"$1,835","$35,801",14,N/A
2024,4,65,54,Household Saints2024 Re-release,"$3,362",-48.1%,3,-1,"$1,120","$21,163",3,Kino Lorber
2024,4,66,51,Inshallah a Boy,"$3,301",-62.5%,2,-2,"$1,650","$21,164",3,Greenwich Entertainment
2024,4,67,49,Salaar,"$2,265",-76.9%,1,-3,"$2,265","$8,929,282",6,N/A
2024,4,68,46,Animal,"$1,728",-85.5%,2,-3,$864,"$15,004,482",9,N/A
2024,4,69,53,Pasang: In the Shadow of Everest,"$1,527",-82.2%,1,-1,"$1,527","$10,690",2,Slice of Pie
2024,4,70,48,Menus-Plaisirs - Les Troisgros,"$1,042",-90.1%,3,-8,$347,"$126,908",11,Zipporah Films
2024,4,71,60,The Unknown Country,$863,+19.9%,1,-,$863,"$68,890",27,Music Box Films
2024,4,72,62,Godard Cinema,$289,+13.3%,2,+1,$144,"$22,757",7,Kino Lorber
2024,5,1,-,Argylle,"$22,314,145",-,"3,605",-,"$6,189","$22,314,145",1,Universal Pictures International (UPI)
2024,5,2,15,The Chosen: S4 Episodes 1-3,"$8,024,605",+459.5%,"2,280",+73,"$3,519","$9,457,822",2,Fathom Events
2024,5,3,1,The Beekeeper,"$7,122,476",-23.2%,"3,277",-60,"$2,173","$51,264,852",4,Metro-Goldwyn-Mayer (MGM)
2024,5,4,3,Wonka,"$5,770,651",-18.6%,"2,901",-113,"$1,989","$202,127,023",8,Warner Bros.
2024,5,5,5,Migration,"$5,060,160",-15.2%,"2,830",-140,"$1,788","$107,129,445",7,Universal Pictures
2024,5,6,2,Mean Girls,"$4,858,306",-45.3%,"3,107",-437,"$1,563","$67,249,344",4,Paramount Pictures
2024,5,7,4,Anyone But You,"$4,642,249",-27.3%,"2,619",-266,"$1,772","$77,423,903",7,Columbia Pictures
2024,5,8,8,American Fiction,"$3,328,977",-11.6%,"1,902",+200,"$1,750","$16,040,482",8,Metro-Goldwyn-Mayer (MGM)
2024,5,9,6,Poor Things,"$3,095,226",-28.2%,"1,950",-350,"$1,587","$29,151,449",9,Searchlight Pictures
2024,5,10,9,Aquaman and the Lost Kingdom,"$2,477,974",-29%,"1,742",-376,"$1,422","$121,251,593",7,Warner Bros.
2024,5,11,10,The Boys in the Boat,"$2,019,303",-31.1%,"1,526",-343,"$1,323","$50,201,691",7,-
2024,5,12,11,Night Swim,"$1,847,555",-28.7%,"1,700",-568,"$1,086","$29,143,295",5,Universal Pictures International (UPI)
2024,5,13,14,The Zone of Interest,"$1,740,849",+11.1%,594,+277,"$2,930","$5,227,347",9,A24
2024,5,14,13,Origin,"$943,764",-46.3%,631,-33,"$1,495","$3,740,192",9,-
2024,5,15,16,The Iron Claw,"$863,163",-37.5%,634,-292,"$1,361","$34,414,681",7,A24
2024,5,16,19,The Boy and the Heron,"$645,372",-30.6%,394,-216,"$1,638","$45,151,746",9,GKIDS
2024,5,17,-,Jungle Bunch: Operation Meltdown,"$548,010",-,"1,036",-,$528,"$548,010",1,Viva Pictures
2024,5,18,12,I.S.S.,"$433,806",-76.6%,814,"-1,688",$532,"$6,490,943",3,Bleecker Street Media
2024,5,19,-,Scrambled,"$387,917",-,762,-,$509,"$387,917",1,Lionsgate Films
2024,5,20,21,All of Us Strangers,"$355,532",-45.8%,150,-125,"$2,370","$3,642,696",7,Searchlight Pictures
2024,5,21,17,Oppenheimer,"$314,025",-77.1%,579,-689,$542,"$328,843,320",29,Universal Pictures
2024,5,22,22,The Book of Clarence,"$276,161",-53.1%,231,-438,"$1,195","$5,988,513",4,Sony Pictures Releasing
2024,5,23,20,The Holdovers,"$272,020",-64.3%,562,-708,$484,"$19,859,035",15,Focus Features
2024,5,24,23,The Color Purple,"$265,235",-54.2%,308,-195,$861,"$60,418,857",7,Warner Bros.
2024,5,25,26,Trolls Band Together,"$252,025",-18.1%,293,-59,$860,"$102,553,480",12,Universal Pictures
2024,5,26,25,Anatomy of a Fall,"$228,729",-27.1%,220,-160,"$1,039","$4,525,659",17,-
2024,5,27,-,The Promised Land,"$195,202",-,192,-,"$1,016","$195,202",1,Magnolia Pictures
2024,5,28,30,Wish,"$104,429",-24.8%,130,-25,$803,"$63,646,254",12,Walt Disney Studios Motion Pictures
2024,5,29,28,Ferrari,"$85,627",-53.4%,103,-67,$831,"$18,505,282",7,Neon
2024,5,30,-,Perfect Days,"$83,908",-,6,-,"$13,984","$83,908",1,-
2024,5,31,-,Fitting In,"$83,895",-,185,-,$453,"$83,895",1,Blue Fox Entertainment
2024,5,32,29,Past Lives,"$77,368",-44.8%,185,-144,$418,"$11,275,836",36,A24
2024,5,33,24,Killers of the Flower Moon,"$69,210",-79.9%,286,-655,$241,"$67,798,988",16,Paramount Pictures
2024,5,34,35,The Teachers' Lounge,"$61,210",-12.3%,35,+6,"$1,748","$275,885",7,Sony Pictures Releasing
2024,5,35,32,Driving Madeleine,"$58,768",-37.8%,61,-16,$963,"$262,355",4,Cohen Media Group
2024,5,36,31,Freud's Last Session,"$40,713",-68.3%,66,-163,$616,"$844,715",7,Sony Pictures Releasing
2024,5,37,42,Anselm,"$39,770",+87.2%,12,-2,"$3,314","$423,795",9,Janus Films
2024,5,38,36,Sometimes I Think About Dying,"$32,896",-23.6%,11,+9,"$2,990","$75,966",2,Oscilloscope
2024,5,39,39,The Sweet East,"$25,792",-8.3%,9,+6,"$2,865","$193,968",10,Utopia
2024,5,40,40,Napoleon,"$19,043",-23.4%,19,-37,"$1,002","$61,512,606",12,Columbia Pictures
2024,5,41,37,Alienoid: The Return to the Future,"$15,017",-64.4%,29,-,$517,"$57,195",2,Well Go USA Entertainment
2024,5,42,44,Hundreds of Beavers,"$13,016",-28.7%,6,-,"$2,169","$31,259",2,SRH
2024,5,43,43,I Did It My Way,"$12,531",-37.3%,13,-,$963,"$196,305",4,Well Go USA Entertainment
2024,5,44,47,Inside the Yellow Cocoon Shell,"$11,803",-26.2%,7,+1,"$1,686","$56,583",3,Kino Lorber
2024,5,45,-,Bushman2024 Re-release,"$10,379",-,3,-,"$3,459","$10,379",1,Kino Lorber
2024,5,46,34,Stop Making Sense2023  Re-release,"$9,685",-86.2%,4,-11,"$2,421","$5,211,069",20,-
2024,5,47,52,Monster,"$9,530",-13.9%,6,-,"$1,588","$431,884",12,Well Go USA Entertainment
2024,5,48,45,The Peasants,"$9,030",-49%,3,+2,"$3,010","$38,250",2,Sony Pictures Classics
2024,5,49,50,Four Daughters,"$8,775",-37.8%,14,+4,$626,"$89,659",15,Kino Lorber
2024,5,50,46,One from the Heart: Reprise2024 Re-release,"$6,727",-59.1%,7,+2,$961,"$41,080",3,Rialto Pictures
2024,5,51,49,The Crime Is Mine,"$6,572",-53.8%,6,-5,"$1,095","$94,272",7,Music Box Films
2024,5,52,54,Dream Scenario,"$5,233",-47.2%,5,-3,"$1,046","$5,734,941",13,A24
2024,5,53,59,Priscilla,"$4,774",-28.8%,8,-2,$596,"$20,958,054",15,A24
2024,5,54,-,Skin Deep,"$4,574",-,1,-,"$4,574","$6,288",1,Kino Lorber
2024,5,55,63,The Oath,"$4,543",+23.2%,4,-,"$1,135","$497,593",9,Freestyle Releasing
2024,5,56,53,Weak Layers,"$3,855",-62.2%,9,-,$428,"$152,632",5,Greenwich Entertainment
2024,5,57,-,Disco Boy,"$3,788",-,1,-,"$3,788","$3,788",1,Big World Pictures
2024,5,58,56,Noryang: Deadly Sea,"$3,523",-60.4%,-,-,-,"$315,245",7,Well Go USA Entertainment
2024,5,59,57,The Pianist2024 Re-release,"$2,989",-63.5%,1,-,"$2,989","$11,184",2,Rialto Pictures
2024,5,60,65,Household Saints2024 Re-release,"$2,135",-36.5%,5,+2,$427,"$23,298",4,Kino Lorber
2024,5,61,66,Inshallah a Boy,"$1,905",-42.3%,1,-1,"$1,905","$23,069",4,Greenwich Entertainment
2024,5,62,69,Pasang: In the Shadow of Everest,"$1,153",-24.5%,1,-,"$1,153","$11,843",3,Slice of Pie
2024,5,63,51,American Star,$848,-93.8%,9,-38,$94,"$14,523",2,IFC Films
2024,5,64,62,The Shift,$822,-80.5%,9,-3,$91,"$12,116,254",10,Angel Studios
2024,5,65,-,La Syndicaliste,$645,-,1,-,$645,"$30,143",10,Kino Lorber
2024,5,66,61,The Seeding,$374,-91.9%,2,-16,$187,"$4,974",2,Magnet Releasing
2024,5,67,-,King Coal,$370,-,-,-,-,"$54,051",26,Fourth Act Film
2024,5,68,71,The Unknown Country,$282,-67.3%,1,-,$282,"$69,172",28,Music Box Films
2024,6,1,-,Bob Marley: One Love,"$17,871,205",-,"3,536",-,"$5,054","$17,871,205",1,Paramount Pictures
2024,6,2,1,Argylle,"$9,434,335",-57.7%,"3,605",-,"$2,617","$31,748,480",2,Universal Pictures International (UPI)
2024,6,3,-,Madame Web,"$8,204,619",-,"4,013",-,"$2,044","$8,204,619",1,Columbia Pictures
2024,6,4,-,Lisa Frankenstein,"$5,634,150",-,"3,144",-,"$1,792","$5,634,150",1,Focus Features
2024,6,5,3,The Beekeeper,"$5,376,651",-24.5%,"3,057",-220,"$1,758","$56,641,503",5,Metro-Goldwyn-Mayer (MGM)
2024,6,6,7,Anyone But You,"$4,873,009",+5%,"2,805",+186,"$1,737","$82,296,912",8,Columbia Pictures
2024,6,7,2,The Chosen: S4 Episodes 1-3,"$4,457,694",-44.4%,"2,142",-138,"$2,081","$13,915,516",3,Fathom Events
2024,6,8,4,Wonka,"$4,294,274",-25.6%,"2,764",-137,"$1,553","$206,421,297",9,Warner Bros.
2024,6,9,5,Migration,"$3,948,550",-22%,"2,684",-146,"$1,471","$111,077,995",8,Universal Pictures
2024,6,10,6,Mean Girls,"$2,690,775",-44.6%,"2,620",-487,"$1,027","$69,940,119",5,Paramount Pictures
2024,6,11,8,American Fiction,"$1,928,508",-42.1%,"1,462",-440,"$1,319","$17,968,990",9,Metro-Goldwyn-Mayer (MGM)
2024,6,12,9,Poor Things,"$1,781,575",-42.4%,"1,300",-650,"$1,370","$30,933,024",10,Searchlight Pictures
2024,6,13,10,Aquaman and the Lost Kingdom,"$1,484,209",-40.1%,"1,363",-379,"$1,088","$122,735,802",8,Warner Bros.
2024,6,14,-,Out of Darkness,"$1,381,289",-,897,-,"$1,539","$1,381,289",1,Bleecker Street Media
2024,6,15,12,Night Swim,"$1,314,355",-28.9%,"1,362",-338,$965,"$30,457,650",6,Universal Pictures International (UPI)
2024,6,16,11,The Boys in the Boat,"$1,098,294",-45.6%,"1,107",-419,$992,"$51,299,985",8,-
2024,6,17,13,The Zone of Interest,"$1,056,665",-39.3%,598,+4,"$1,766","$6,284,012",10,A24
2024,6,18,-,Turning Red,"$810,341",-,"1,560",-,$519,"$810,341",1,Walt Disney Studios Motion Pictures
2024,6,19,-,The Chosen: S4 Episodes 4-6,"$783,380",-,"2,216",-,$353,"$783,380",1,Fathom Events
2024,6,20,-,Dune: Part OneIMAX,"$570,000",-,"2,100",-,$271,"$570,000",1,IMAX
2024,6,21,-,The Taste of Things,"$459,023",-,3,-,"$153,007","$459,023",1,IFC Films
2024,6,22,15,The Iron Claw,"$439,116",-49.1%,425,-209,"$1,033","$34,853,797",8,A24
2024,6,23,14,Origin,"$402,470",-57.4%,348,-283,"$1,156","$4,142,662",10,-
2024,6,24,16,The Boy and the Heron,"$368,580",-42.9%,265,-129,"$1,390","$45,520,326",10,GKIDS
2024,6,25,34,The Teachers' Lounge,"$175,367",+186.5%,277,+242,$633,"$451,252",8,Sony Pictures Releasing
2024,6,26,20,All of Us Strangers,"$173,941",-51.1%,95,-55,"$1,830","$3,816,637",8,Searchlight Pictures
2024,6,27,17,Jungle Bunch: Operation Meltdown,"$159,240",-70.9%,584,-452,$272,"$707,250",2,Viva Pictures
2024,6,28,30,Perfect Days,"$155,151",+84.9%,6,-,"$25,858","$239,059",2,-
2024,6,29,25,Trolls Band Together,"$153,075",-39.3%,221,-72,$692,"$102,706,555",13,Universal Pictures
2024,6,30,22,The Book of Clarence,"$107,655",-61%,190,-41,$566,"$6,096,168",5,Sony Pictures Releasing
2024,6,31,24,The Color Purple,"$106,268",-59.9%,188,-120,$565,"$60,525,125",8,Warner Bros.
2024,6,32,23,The Holdovers,"$102,670",-62.3%,270,-292,$380,"$19,961,705",16,Focus Features
2024,6,33,26,Anatomy of a Fall,"$98,794",-56.8%,150,-70,$658,"$4,624,453",18,-
2024,6,34,-,The Monk and the Gun,"$85,096",-,101,-,$842,"$85,096",2,A Contracorriente Films
2024,6,35,21,Oppenheimer,"$83,585",-73.4%,226,-353,$369,"$328,926,905",30,Universal Pictures
2024,6,36,18,I.S.S.,"$82,856",-80.9%,217,-597,$381,"$6,573,799",4,Bleecker Street Media
2024,6,37,28,Wish,"$69,787",-33.2%,105,-25,$664,"$63,716,041",13,Walt Disney Studios Motion Pictures
2024,6,38,32,Past Lives,"$56,147",-27.4%,103,-82,$545,"$11,331,983",37,A24
2024,6,39,38,Sometimes I Think About Dying,"$46,150",+40.3%,11,-,"$4,195","$122,116",3,Oscilloscope
2024,6,40,29,Ferrari,"$44,746",-47.7%,60,-43,$745,"$18,550,028",8,Neon
2024,6,41,39,The Sweet East,"$44,743",+73.5%,41,+32,"$1,091","$238,711",11,Utopia
2024,6,42,35,Driving Madeleine,"$38,291",-34.8%,46,-15,$832,"$300,646",5,Cohen Media Group
2024,6,43,27,The Promised Land,"$34,205",-82.5%,53,-139,$645,"$229,407",2,Magnolia Pictures
2024,6,44,37,Anselm,"$31,576",-20.6%,14,+2,"$2,255","$455,371",10,Janus Films
2024,6,45,19,Scrambled,"$31,570",-91.9%,214,-548,$147,"$419,487",2,Lionsgate Films
2024,6,46,-,Popular Theory,"$28,602",-,93,-,$307,"$28,602",1,Blue Fox Entertainment
2024,6,47,33,Killers of the Flower Moon,"$25,660",-62.9%,144,-142,$178,"$67,824,648",17,Paramount Pictures
2024,6,48,-,Totem,"$21,329",-,12,-,"$1,777","$63,833",3,Janus Films
2024,6,49,-,Inheritance to Love,"$14,033",-,20,-,$701,"$14,033",1,Purdie Distribution
2024,6,50,-,Ennio,"$12,060",-,1,-,"$12,060","$12,060",1,Music Box Films
2024,6,51,40,Napoleon,"$11,769",-38.2%,15,-4,$784,"$61,524,375",13,Columbia Pictures
2024,6,52,49,Four Daughters,"$11,230",+28%,15,+1,$748,"$100,889",16,Kino Lorber
2024,6,53,42,Hundreds of Beavers,"$10,172",-21.9%,5,-1,"$2,034","$41,431",3,SRH
2024,6,54,48,The Peasants,"$7,732",-14.4%,10,+7,$773,"$45,982",3,Sony Pictures Classics
2024,6,55,45,Bushman2024 Re-release,"$7,638",-26.4%,4,+1,"$1,909","$18,017",2,Kino Lorber
2024,6,56,36,Freud's Last Session,"$7,582",-81.4%,13,-53,$583,"$852,297",8,Sony Pictures Releasing
2024,6,57,44,Inside the Yellow Cocoon Shell,"$6,442",-45.4%,10,+3,$644,"$63,025",4,Kino Lorber
2024,6,58,-,Drift,"$5,245",-,1,-,"$5,245","$5,245",2,Utopia
2024,6,59,-,Menus-Plaisirs - Les Troisgros,"$4,750",-,5,-,$950,"$131,658",13,Zipporah Films
2024,6,60,51,The Crime Is Mine,"$4,140",-37%,4,-2,"$1,035","$98,412",8,Music Box Films
2024,6,61,52,Dream Scenario,"$3,709",-29.1%,3,-2,"$1,236","$5,738,650",14,A24
2024,6,62,-,Sex-Positive,"$3,265",-,20,-,$163,"$3,265",1,Entertainment Squad
2024,6,63,57,Disco Boy,"$3,191",-15.8%,3,+2,"$1,063","$6,979",2,Big World Pictures
2024,6,64,31,Fitting In,"$2,980",-96.4%,17,-168,$175,"$86,875",2,Blue Fox Entertainment
2024,6,65,53,Priscilla,"$2,885",-39.6%,2,-6,"$1,442","$20,960,939",16,A24
2024,6,66,59,The Pianist2024 Re-release,"$2,357",-21.1%,2,+1,"$1,178","$13,541",3,Rialto Pictures
2024,6,67,56,Weak Layers,"$1,813",-53%,5,-4,$362,"$154,445",6,Greenwich Entertainment
2024,6,68,54,Skin Deep,"$1,809",-60.5%,3,+2,$603,"$8,098",2,Kino Lorber
2024,6,69,50,One from the Heart: Reprise2024 Re-release,"$1,657",-75.4%,3,-4,$552,"$42,737",4,Rialto Pictures
2024,6,70,60,Household Saints2024 Re-release,"$1,212",-43.2%,3,-2,$404,"$24,511",5,Kino Lorber
2024,6,71,55,The Oath,"$1,133",-75.1%,1,-3,"$1,133","$498,726",10,Freestyle Releasing
2024,6,72,-,Peeping Tom2023 Re-release,$797,-,1,-,$797,"$36,598",16,N/A
2024,6,73,64,The Shift,$342,-58.4%,2,-7,$171,"$12,116,596",11,Angel Studios
2024,6,74,46,Stop Making Sense2023  Re-release,$241,-97.5%,2,-2,$120,"$5,211,310",21,-
2024,6,75,-,Godard Cinema,$72,-,1,-,$72,"$22,829",9,Kino Lorber
2024,7,1,1,Bob Marley: One Love,"$39,817,491",+122.8%,"3,539",+3,"$11,251","$57,688,696",2,Paramount Pictures
2024,7,2,3,Madame Web,"$21,241,355",+158.9%,"4,013",-,"$5,293","$29,445,974",2,Columbia Pictures
2024,7,3,2,Argylle,"$7,143,105",-24.3%,"3,647",+42,"$1,958","$38,891,585",3,Universal Pictures International (UPI)
2024,7,4,9,Migration,"$6,367,890",+61.3%,"2,455",-229,"$2,593","$117,445,885",9,Universal Pictures
2024,7,5,8,Wonka,"$5,590,532",+30.2%,"2,347",-417,"$2,381","$212,011,829",10,Warner Bros.
2024,7,6,19,The Chosen: S4 Episodes 4-6,"$5,322,126",+579.4%,"2,272",+56,"$2,342","$6,105,506",2,Fathom Events
2024,7,7,5,The Beekeeper,"$4,540,930",-15.5%,"2,557",-500,"$1,775","$61,182,433",6,Metro-Goldwyn-Mayer (MGM)
2024,7,8,6,Anyone But You,"$3,448,045",-29.2%,"2,020",-785,"$1,706","$85,744,957",9,Columbia Pictures
2024,7,9,4,Lisa Frankenstein,"$3,120,280",-44.6%,"3,143",-1,$992,"$8,754,430",2,Focus Features
2024,7,10,-,Land of Bad,"$2,612,155",-,"1,130",-,"$2,311","$2,612,155",1,The Avenue Entertainment
2024,7,11,10,Mean Girls,"$1,742,408",-35.2%,"1,350","-1,270","$1,290","$71,682,527",6,Paramount Pictures
2024,7,12,11,American Fiction,"$1,470,985",-23.7%,803,-659,"$1,831","$19,439,975",10,Metro-Goldwyn-Mayer (MGM)
2024,7,13,12,Poor Things,"$1,399,741",-21.4%,680,-620,"$2,058","$32,332,765",11,Searchlight Pictures
2024,7,14,-,2024 Oscar Nominated Short Films: Documentary,"$1,350,020",-,367,-,"$3,678","$1,350,020",1,ShortsTV
2024,7,15,13,Aquaman and the Lost Kingdom,"$1,055,869",-28.9%,856,-507,"$1,233","$123,791,671",9,Warner Bros.
2024,7,16,21,The Taste of Things,"$1,018,480",+121.9%,505,+502,"$2,016","$1,477,503",2,IFC Films
2024,7,17,15,Night Swim,"$1,005,500",-23.5%,981,-381,"$1,024","$31,463,150",7,Universal Pictures International (UPI)
2024,7,18,17,The Zone of Interest,"$856,332",-19%,443,-155,"$1,933","$7,140,344",11,A24
2024,7,19,16,The Boys in the Boat,"$793,759",-27.7%,586,-521,"$1,354","$52,093,744",9,-
2024,7,20,18,Turning Red,"$588,660",-27.4%,"1,560",-,$377,"$1,399,001",2,Walt Disney Studios Motion Pictures
2024,7,21,14,Out of Darkness,"$535,435",-61.2%,865,-32,$619,"$1,916,724",2,Bleecker Street Media
2024,7,22,28,Perfect Days,"$436,689",+181.5%,34,+28,"$12,843","$675,748",3,-
2024,7,23,24,The Boy and the Heron,"$311,447",-15.5%,175,-90,"$1,779","$45,831,773",11,GKIDS
2024,7,24,-,Amélie2024 Re-release,"$258,926",-,216,-,"$1,198","$404,926",1,Sony Pictures Releasing
2024,7,25,23,Origin,"$249,269",-38.1%,127,-221,"$1,962","$4,391,931",11,-
2024,7,26,29,Trolls Band Together,"$192,850",+26%,158,-63,"$1,220","$102,899,405",14,Universal Pictures
2024,7,27,22,The Iron Claw,"$172,832",-60.6%,146,-279,"$1,183","$35,026,629",9,A24
2024,7,28,26,All of Us Strangers,"$121,323",-30.3%,50,-45,"$2,426","$3,937,960",9,Searchlight Pictures
2024,7,29,37,Wish,"$108,128",+54.9%,75,-30,"$1,441","$63,824,169",14,Walt Disney Studios Motion Pictures
2024,7,30,-,No Way Up,"$107,647",-,78,-,"$1,380","$107,647",1,Nashe Kino
2024,7,31,31,The Color Purple,"$94,066",-11.5%,258,+70,$364,"$60,619,191",9,Warner Bros.
2024,7,32,33,Anatomy of a Fall,"$92,520",-6.4%,105,-45,$881,"$4,716,973",19,-
2024,7,33,32,The Holdovers,"$85,635",-16.6%,168,-102,$509,"$20,047,340",17,Focus Features
2024,7,34,25,The Teachers' Lounge,"$76,759",-56.2%,99,-178,$775,"$528,011",9,Sony Pictures Releasing
2024,7,35,27,Jungle Bunch: Operation Meltdown,"$72,929",-54.2%,109,-475,$669,"$780,179",3,Viva Pictures
2024,7,36,-,God & Country,"$60,464",-,85,-,$711,"$60,464",1,Oscilloscope
2024,7,37,35,Oppenheimer,"$56,465",-32.4%,159,-67,$355,"$328,983,370",31,Universal Pictures
2024,7,38,41,The Sweet East,"$39,373",-12%,35,-6,"$1,124","$278,084",12,Utopia
2024,7,39,30,The Book of Clarence,"$36,645",-66%,41,-149,$893,"$6,132,813",6,Sony Pictures Releasing
2024,7,40,34,The Monk and the Gun,"$34,502",-59.5%,40,-61,$862,"$119,598",3,A Contracorriente Films
2024,7,41,-,Altered Reality,"$30,800",-,112,-,$275,"$30,800",1,K Street Pictures
2024,7,42,47,Killers of the Flower Moon,"$22,897",-10.8%,119,-25,$192,"$67,847,545",18,Paramount Pictures
2024,7,43,-,Nostalghia2024 Re-release,"$22,872",-,1,-,"$22,872","$22,872",1,Kino Lorber
2024,7,44,43,The Promised Land,"$21,862",-36.1%,20,-33,"$1,093","$251,269",3,Magnolia Pictures
2024,7,45,44,Anselm,"$15,630",-50.5%,15,+1,"$1,042","$471,001",11,Janus Films
2024,7,46,49,Inheritance to Love,"$13,272",-5.4%,12,-8,"$1,106","$27,305",2,Purdie Distribution
2024,7,47,54,The Peasants,"$13,056",+68.9%,9,-1,"$1,450","$59,038",4,Sony Pictures Classics
2024,7,48,48,Totem,"$12,563",-41.1%,7,-5,"$1,794","$76,396",4,Janus Films
2024,7,49,56,Freud's Last Session,"$10,987",+44.9%,8,-5,"$1,373","$863,284",9,Sony Pictures Releasing
2024,7,50,50,Ennio,"$10,406",-13.7%,3,+2,"$3,468","$22,466",2,Music Box Films
2024,7,51,39,Sometimes I Think About Dying,"$8,341",-81.9%,16,+5,$521,"$130,457",4,Oscilloscope
2024,7,52,46,Popular Theory,"$7,048",-75.4%,33,-60,$213,"$35,650",2,Blue Fox Entertainment
2024,7,53,53,Hundreds of Beavers,"$5,779",-43.2%,4,-1,"$1,444","$47,210",4,SRH
2024,7,54,52,Four Daughters,"$5,157",-54.1%,10,-5,$515,"$106,046",17,Kino Lorber
2024,7,55,55,Bushman2024 Re-release,"$4,392",-42.5%,3,-1,"$1,464","$22,409",3,Kino Lorber
2024,7,56,45,Scrambled,"$2,387",-92.4%,11,-203,$217,"$421,874",3,Lionsgate Films
2024,7,57,58,Drift,"$2,246",-57.2%,2,+1,"$1,123","$7,491",3,Utopia
2024,7,58,60,The Crime Is Mine,"$2,015",-51.3%,4,-,$503,"$100,427",9,Music Box Films
2024,7,59,57,Inside the Yellow Cocoon Shell,"$1,992",-69.1%,6,-4,$332,"$65,017",5,Kino Lorber
2024,7,60,69,One from the Heart: Reprise2024 Re-release,"$1,558",-6%,1,-2,"$1,558","$44,295",5,Rialto Pictures
2024,7,61,71,The Oath,"$1,526",+34.7%,1,-,"$1,526","$500,252",11,Freestyle Releasing
2024,7,62,63,Disco Boy,"$1,200",-62.4%,1,-2,"$1,200","$8,179",3,Big World Pictures
2024,7,63,73,The Shift,$779,+127.8%,3,+1,$259,"$12,117,375",12,Angel Studios
2024,7,64,-,"My Sailor, My Love",$509,-,1,-,$509,"$88,593",22,Music Box Films
2024,7,65,62,Sex-Positive,$483,-85.2%,3,-17,$161,"$3,748",2,Entertainment Squad
2024,7,66,68,Skin Deep,$464,-74.4%,1,-2,$464,"$8,562",3,Kino Lorber
2024,7,67,64,Fitting In,$445,-85.1%,1,-16,$445,"$87,320",3,Blue Fox Entertainment
2024,7,68,75,Godard Cinema,$429,+495.8%,1,-,$429,"$23,257",10,Kino Lorber
2024,7,69,-,Fremont,$28,-,1,-,$28,"$271,343",26,Music Box Films
2024,8,1,1,Bob Marley: One Love,"$17,652,384",-55.7%,"3,597",+58,"$4,907","$75,341,080",3,Paramount Pictures
2024,8,2,-,Demon Slayer: Kimetsu No Yaiba - To the Hashira Training,"$13,636,455",-,"1,949",-,"$6,996","$13,636,455",1,Sony Pictures Releasing
2024,8,3,-,Ordinary Angels,"$8,711,122",-,"3,020",-,"$2,884","$8,711,122",1,-
2024,8,4,2,Madame Web,"$7,795,542",-63.3%,"4,013",-,"$1,942","$37,241,516",3,Columbia Pictures
2024,8,5,6,The Chosen: S4 Episodes 4-6,"$4,691,822",-11.8%,"2,222",-50,"$2,111","$8,927,147",3,Fathom Events
2024,8,6,3,Argylle,"$3,677,220",-48.5%,"3,060",-587,"$1,201","$42,568,805",4,Universal Pictures International (UPI)
2024,8,7,4,Migration,"$3,510,995",-44.9%,"2,434",-21,"$1,442","$120,956,880",10,Universal Pictures
2024,8,8,-,Drive-Away Dolls,"$3,323,570",-,"2,280",-,"$1,457","$3,323,570",1,Focus Features
2024,8,9,5,Wonka,"$3,013,328",-46.1%,"2,203",-144,"$1,367","$215,025,157",11,Warner Bros.
2024,8,10,7,The Beekeeper,"$2,632,013",-42%,"2,157",-400,"$1,220","$63,814,446",7,Metro-Goldwyn-Mayer (MGM)
2024,8,11,8,Anyone But You,"$1,630,433",-52.7%,"1,455",-565,"$1,120","$87,375,390",10,Columbia Pictures
2024,8,12,10,Land of Bad,"$1,392,577",-46.7%,"1,317",+187,"$1,057","$4,004,732",2,The Avenue Entertainment
2024,8,13,22,Perfect Days,"$1,001,264",+129.3%,253,+219,"$3,957","$1,677,012",4,-
2024,8,14,14,2024 Oscar Nominated Short Films: Documentary,"$840,877",-37.7%,353,-14,"$2,382","$2,190,897",2,ShortsTV
2024,8,15,9,Lisa Frankenstein,"$834,675",-73.2%,"1,366","-1,777",$611,"$9,589,105",3,Focus Features
2024,8,16,13,Poor Things,"$828,827",-40.8%,540,-140,"$1,534","$33,161,592",12,Searchlight Pictures
2024,8,17,12,American Fiction,"$808,054",-45.1%,602,-201,"$1,342","$20,248,029",11,Metro-Goldwyn-Mayer (MGM)
2024,8,18,-,The Chosen: S4 Episodes 7-8,"$764,334",-,"2,203",-,$346,"$764,334",1,Fathom Events
2024,8,19,11,Mean Girls,"$562,687",-67.7%,728,-622,$772,"$72,245,214",7,Paramount Pictures
2024,8,20,17,Night Swim,"$540,310",-46.3%,571,-410,$946,"$32,003,460",8,Universal Pictures International (UPI)
2024,8,21,16,The Taste of Things,"$509,439",-50%,388,-117,"$1,312","$1,986,942",3,IFC Films
2024,8,22,-,Stopmotion,"$507,846",-,384,-,"$1,322","$507,846",1,IFC Films
2024,8,23,-,Article 370,"$480,697",-,161,-,"$2,985","$480,697",1,N/A
2024,8,24,15,Aquaman and the Lost Kingdom,"$452,960",-57.1%,524,-332,$864,"$124,244,631",10,Warner Bros.
2024,8,25,-,Les Misérables2024 Re-release,"$450,370",-,162,-,"$2,780","$450,370",1,Universal Pictures
2024,8,26,19,The Boys in the Boat,"$330,134",-58.4%,407,-179,$811,"$52,423,878",10,-
2024,8,27,18,The Zone of Interest,"$296,136",-65.4%,371,-72,$798,"$7,436,480",12,A24
2024,8,28,25,Origin,"$176,560",-29.2%,83,-44,"$2,127","$4,568,491",12,-
2024,8,29,23,The Boy and the Heron,"$157,858",-49.3%,124,-51,"$1,273","$45,989,631",12,GKIDS
2024,8,30,26,Trolls Band Together,"$97,510",-49.4%,145,-13,$672,"$102,996,915",15,Universal Pictures
2024,8,31,32,Anatomy of a Fall,"$80,295",-13.2%,125,+20,$642,"$4,797,268",20,-
2024,8,32,43,Nostalghia2024 Re-release,"$64,874",+183.6%,5,+4,"$12,974","$64,874",2,Kino Lorber
2024,8,33,24,Amélie2024 Re-release,"$63,314",-75.5%,52,-164,"$1,217","$468,240",2,Sony Pictures Releasing
2024,8,34,29,Wish,"$59,225",-45.2%,70,-5,$846,"$63,883,394",15,Walt Disney Studios Motion Pictures
2024,8,35,33,The Holdovers,"$55,320",-35.4%,226,+58,$244,"$20,102,660",18,Focus Features
2024,8,36,37,Oppenheimer,"$44,830",-20.6%,200,+41,$224,"$329,028,200",32,Universal Pictures
2024,8,37,27,The Iron Claw,"$43,593",-74.8%,72,-74,$605,"$35,070,222",10,A24
2024,8,38,28,All of Us Strangers,"$42,640",-64.9%,25,-25,"$1,705","$3,980,600",10,Searchlight Pictures
2024,8,39,30,No Way Up,"$40,935",-62%,61,-17,$671,"$148,582",2,Nashe Kino
2024,8,40,35,Jungle Bunch: Operation Meltdown,"$38,644",-47%,77,-32,$501,"$818,823",4,Viva Pictures
2024,8,41,21,Out of Darkness,"$34,823",-93.5%,100,-765,$348,"$1,951,547",3,Bleecker Street Media
2024,8,42,-,The Stolen Valley,"$31,143",-,88,-,$353,"$31,143",1,Blue Fox Entertainment
2024,8,43,42,Killers of the Flower Moon,"$26,666",+16.5%,207,+88,$128,"$67,874,211",19,Paramount Pictures
2024,8,44,-,Red Right Hand,"$25,711",-,50,-,$514,"$25,711",1,Magnolia Pictures
2024,8,45,34,The Teachers' Lounge,"$25,376",-66.9%,32,-67,$793,"$553,387",10,Sony Pictures Releasing
2024,8,46,53,Hundreds of Beavers,"$23,651",+309.3%,13,+9,"$1,819","$70,861",5,SRH
2024,8,47,-,About Dry Grasses,"$22,057",-,3,-,"$7,352","$22,057",1,Sideshow Releasing
2024,8,48,38,The Sweet East,"$17,547",-55.4%,21,-14,$835,"$295,631",13,Utopia
2024,8,49,47,The Peasants,"$16,266",+24.6%,9,-,"$1,807","$75,304",5,Sony Pictures Classics
2024,8,50,40,The Monk and the Gun,"$12,736",-63.1%,10,-30,"$1,273","$132,334",4,A Contracorriente Films
2024,8,51,45,Anselm,"$10,995",-29.7%,11,-4,$999,"$481,996",12,Janus Films
2024,8,52,-,Isle of Hope,"$9,183",-,29,-,$316,"$9,183",1,-
2024,8,53,-,Golden Years,"$8,360",-,4,-,"$2,090","$8,360",1,Music Box Films
2024,8,54,48,Totem,"$5,929",-52.8%,6,-1,$988,"$82,575",5,Janus Films
2024,8,55,49,Freud's Last Session,"$5,877",-46.5%,4,-4,"$1,469","$869,161",10,Sony Pictures Releasing
2024,8,56,54,Four Daughters,"$5,522",+7.1%,12,+2,$460,"$111,568",18,Kino Lorber
2024,8,57,50,Ennio,"$5,494",-47.2%,2,-1,"$2,747","$27,960",3,Music Box Films
2024,8,58,-,The Invisible Fight,"$5,442",-,14,-,$388,"$6,442",1,Kino Lorber
2024,8,59,60,One from the Heart: Reprise2024 Re-release,"$4,655",+198.8%,4,+3,"$1,163","$48,950",6,Rialto Pictures
2024,8,60,61,The Oath,"$4,030",+164.1%,3,+2,"$1,343","$504,282",12,Freestyle Releasing
2024,8,61,-,They Shot the Piano Player,"$3,490",-,2,-,"$1,745","$11,640",1,Sony Pictures Releasing
2024,8,62,44,The Promised Land,"$3,151",-85.6%,6,-14,$525,"$254,420",4,Magnolia Pictures
2024,8,63,55,Bushman2024 Re-release,"$2,555",-41.8%,2,-1,"$1,277","$24,964",4,Kino Lorber
2024,8,64,-,Household Saints2024 Re-release,"$2,465",-,3,-,$821,"$26,975",7,Kino Lorber
2024,8,65,59,Inside the Yellow Cocoon Shell,"$2,402",+20.6%,3,-3,$800,"$67,419",6,Kino Lorber
2024,8,66,-,Bring Him to Me,"$2,301",-,12,-,$191,"$2,301",1,Roadside Attractions
2024,8,67,-,Other People's Children,"$2,177",-,1,-,"$2,177","$86,355",45,Music Box Films
2024,8,68,52,Popular Theory,"$1,893",-73.1%,2,-31,$946,"$37,543",3,Blue Fox Entertainment
2024,8,69,62,Disco Boy,"$1,568",+30.7%,2,+1,$784,"$9,747",4,Big World Pictures
2024,8,70,56,Scrambled,$681,-71.5%,6,-5,$113,"$422,555",4,Lionsgate Films
2024,8,71,67,Fitting In,$571,+28.3%,2,+1,$285,"$87,891",4,Blue Fox Entertainment
2024,8,72,64,"My Sailor, My Love",$342,-32.8%,1,-,$342,"$88,935",23,Music Box Films
2024,8,73,63,The Shift,$291,-62.6%,3,-,$97,"$12,117,666",13,Angel Studios
2024,8,74,58,The Crime Is Mine,$147,-92.7%,1,-3,$147,"$100,574",10,Music Box Films
2024,9,1,-,Dune: Part Two,"$111,027,668",-,"4,071",-,"$27,272","$111,027,668",1,Warner Bros.
2024,9,2,1,Bob Marley: One Love,"$9,926,423",-43.8%,"3,390",-207,"$2,928","$85,267,503",4,Paramount Pictures
2024,9,3,3,Ordinary Angels,"$5,401,910",-38%,"3,020",-,"$1,788","$14,113,032",2,-
2024,9,4,18,The Chosen: S4 Episodes 7-8,"$5,057,647",+561.7%,"2,215",+12,"$2,283","$5,821,981",2,Fathom Events
2024,9,5,4,Madame Web,"$4,253,183",-45.4%,"3,116",-897,"$1,364","$41,494,699",4,Columbia Pictures
2024,9,6,7,Migration,"$3,274,180",-6.7%,"2,204",-230,"$1,485","$124,231,060",11,Universal Pictures
2024,9,7,2,Demon Slayer: Kimetsu No Yaiba - To the Hashira Training,"$2,837,760",-79.2%,"1,949",-,"$1,456","$16,474,215",2,Sony Pictures Releasing
2024,9,8,9,Wonka,"$2,164,939",-28.2%,"1,732",-471,"$1,249","$217,190,096",12,Warner Bros.
2024,9,9,6,Argylle,"$1,876,800",-49%,"2,283",-777,$822,"$44,445,605",5,Universal Pictures International (UPI)
2024,9,10,10,The Beekeeper,"$1,504,804",-42.8%,"1,347",-810,"$1,117","$65,319,250",8,Metro-Goldwyn-Mayer (MGM)
2024,9,11,8,Drive-Away Dolls,"$1,470,085",-55.8%,"2,278",-2,$645,"$4,793,655",2,Focus Features
2024,9,12,13,Perfect Days,"$735,931",-26.5%,271,+18,"$2,715","$2,412,943",5,-
2024,9,13,11,Anyone But You,"$601,695",-63.1%,603,-852,$997,"$87,977,085",11,Columbia Pictures
2024,9,14,16,Poor Things,"$593,048",-28.4%,550,+10,"$1,078","$33,754,640",13,Searchlight Pictures
2024,9,15,14,2024 Oscar Nominated Short Films: Documentary,"$573,400",-31.8%,265,-88,"$2,163","$2,764,297",3,ShortsTV
2024,9,16,17,American Fiction,"$513,486",-36.5%,500,-102,"$1,026","$20,761,515",12,Metro-Goldwyn-Mayer (MGM)
2024,9,17,12,Land of Bad,"$494,148",-64.5%,574,-743,$860,"$4,498,880",3,The Avenue Entertainment
2024,9,18,23,Article 370,"$381,719",-20.6%,119,-42,"$3,207","$862,416",2,N/A
2024,9,19,27,The Zone of Interest,"$373,672",+26.2%,571,+200,$654,"$7,963,067",13,A24
2024,9,20,20,Night Swim,"$358,345",-33.7%,326,-245,"$1,099","$32,361,805",9,Universal Pictures International (UPI)
2024,9,21,21,The Taste of Things,"$293,536",-42.4%,165,-223,"$1,779","$2,280,478",4,IFC Films
2024,9,22,22,Stopmotion,"$229,334",-54.8%,251,-133,$913,"$737,180",2,IFC Films
2024,9,23,24,Aquaman and the Lost Kingdom,"$191,958",-57.6%,236,-288,$813,"$124,436,589",11,Warner Bros.
2024,9,24,15,Lisa Frankenstein,"$185,180",-77.8%,294,"-1,072",$629,"$9,774,285",4,Focus Features
2024,9,25,-,Problemista,"$179,998",-,5,-,"$35,999","$179,998",54,A24
2024,9,26,26,The Boys in the Boat,"$165,877",-49.8%,217,-190,$764,"$52,589,755",11,-
2024,9,27,19,Mean Girls,"$159,034",-71.7%,219,-509,$726,"$72,404,248",8,Paramount Pictures
2024,9,28,31,Anatomy of a Fall,"$147,819",+84.1%,70,-55,"$2,111","$4,945,087",21,-
2024,9,29,35,The Holdovers,"$126,820",+129.2%,326,+100,$389,"$20,229,480",19,Focus Features
2024,9,30,36,Oppenheimer,"$125,195",+179.3%,453,+253,$276,"$329,153,395",33,Universal Pictures
2024,9,31,29,The Boy and the Heron,"$86,697",-45.1%,79,-45,"$1,097","$46,076,328",13,GKIDS
2024,9,32,43,Killers of the Flower Moon,"$81,602",+206%,429,+222,$190,"$67,955,813",20,Paramount Pictures
2024,9,33,28,Origin,"$74,879",-57.6%,40,-43,"$1,871","$4,643,370",13,-
2024,9,34,38,All of Us Strangers,"$69,503",+63%,205,+180,$339,"$4,050,103",11,Searchlight Pictures
2024,9,35,34,Wish,"$59,771",+0.9%,65,-5,$919,"$63,943,165",16,Walt Disney Studios Motion Pictures
2024,9,36,-,Io Capitano,"$50,164",-,38,-,"$1,320","$112,022",2,Cohen Media Group
2024,9,37,32,Nostalghia2024 Re-release,"$30,468",-53%,7,+2,"$4,352","$95,342",3,Kino Lorber
2024,9,38,49,The Peasants,"$30,154",+85.4%,30,+21,"$1,005","$105,458",6,Sony Pictures Classics
2024,9,39,45,The Teachers' Lounge,"$28,759",+13.3%,55,+23,$522,"$582,146",11,Sony Pictures Releasing
2024,9,40,47,About Dry Grasses,"$23,138",+4.9%,6,+3,"$3,856","$45,195",2,Sideshow Releasing
2024,9,41,46,Hundreds of Beavers,"$23,084",-2.4%,13,-,"$1,775","$93,745",6,SRH
2024,9,42,-,Shayda,"$13,150",-,2,-,"$6,575","$13,150",1,Sony Pictures Releasing
2024,9,43,48,The Sweet East,"$13,071",-25.5%,13,-8,"$1,005","$308,702",14,Utopia
2024,9,44,40,Jungle Bunch: Operation Meltdown,"$12,377",-68%,39,-38,$317,"$831,200",5,Viva Pictures
2024,9,45,-,Amelia's Children,"$10,045",-,15,-,$669,"$10,045",1,Magnolia Pictures
2024,9,46,33,Amélie2024 Re-release,"$9,863",-84.4%,13,-39,$758,"$478,103",3,Sony Pictures Releasing
2024,9,47,56,Four Daughters,"$8,969",+62.4%,14,+2,$640,"$120,536",19,Kino Lorber
2024,9,48,61,They Shot the Piano Player,"$8,367",+139.7%,7,+5,"$1,195","$20,007",2,Sony Pictures Releasing
2024,9,49,50,The Monk and the Gun,"$7,469",-41.4%,7,-3,"$1,067","$139,803",5,A Contracorriente Films
2024,9,50,42,The Stolen Valley,"$6,427",-79.4%,23,-65,$279,"$37,570",2,Blue Fox Entertainment
2024,9,51,44,Red Right Hand,"$5,548",-78.4%,16,-34,$346,"$31,259",2,Magnolia Pictures
2024,9,52,57,Ennio,"$5,447",-0.9%,4,+2,"$1,361","$33,407",4,Music Box Films
2024,9,53,-,Menus-Plaisirs - Les Troisgros,"$4,147",-,7,-,$592,"$140,348",16,Zipporah Films
2024,9,54,62,The Promised Land,"$3,329",+5.6%,5,-1,$665,"$257,749",5,Magnolia Pictures
2024,9,55,51,Anselm,"$3,061",-72.2%,5,-6,$612,"$485,057",13,Janus Films
2024,9,56,60,The Oath,"$2,734",-32.2%,4,+1,$683,"$507,016",13,Freestyle Releasing
2024,9,57,-,Drift,"$2,586",-,8,-,$323,"$10,077",5,Utopia
2024,9,58,58,The Invisible Fight,"$2,076",-61.9%,7,-7,$296,"$8,516",2,Kino Lorber
2024,9,59,52,Isle of Hope,"$2,068",-77.5%,2,-27,"$1,034","$10,217",2,-
2024,9,60,55,Freud's Last Session,"$1,899",-67.7%,3,-1,$633,"$871,060",11,Sony Pictures Releasing
2024,9,61,64,Household Saints2024 Re-release,"$1,593",-35.4%,2,-1,$796,"$28,568",8,Kino Lorber
2024,9,62,59,One from the Heart: Reprise2024 Re-release,$825,-82.3%,1,-3,$825,"$49,775",7,Rialto Pictures
2024,9,63,-,Revoir Paris,$791,-,1,-,$791,"$52,835",37,Music Box Films
2024,9,64,53,Golden Years,$615,-92.6%,1,-3,$615,"$8,975",2,Music Box Films
2024,9,65,68,Popular Theory,$607,-67.9%,2,-,$303,"$38,150",4,Blue Fox Entertainment
2024,9,66,73,The Shift,$553,+90%,2,-1,$276,"$12,118,219",14,Angel Studios
2024,9,67,63,Bushman2024 Re-release,$367,-85.6%,2,-,$183,"$25,330",5,Kino Lorber
2024,9,68,72,"My Sailor, My Love",$302,-11.7%,1,-,$302,"$89,237",24,Music Box Films
2024,9,69,65,Inside the Yellow Cocoon Shell,$269,-88.8%,1,-2,$269,"$67,689",7,Kino Lorber
2024,9,70,74,The Crime Is Mine,$240,+63.3%,1,-,$240,"$100,814",11,Music Box Films
2024,9,71,71,Fitting In,$70,-87.7%,1,-1,$70,"$87,961",5,Blue Fox Entertainment
2024,10,1,-,Kung Fu Panda 4,"$77,743,755",-,"4,035",-,"$19,267","$77,743,755",1,Universal Pictures
2024,10,2,1,Dune: Part Two,"$65,190,249",-41.3%,"4,074",+3,"$16,001","$176,217,917",2,Warner Bros.
2024,10,3,-,Imaginary,"$13,481,668",-,"3,118",-,"$4,323","$13,481,668",1,Lionsgate Films
2024,10,4,-,Cabrini,"$10,188,926",-,"2,840",-,"$3,587","$10,188,926",1,Angel Studios
2024,10,5,2,Bob Marley: One Love,"$5,797,499",-41.6%,"2,764",-626,"$2,097","$91,065,002",5,Paramount Pictures
2024,10,6,3,Ordinary Angels,"$2,959,889",-45.2%,"2,323",-697,"$1,274","$17,072,921",3,-
2024,10,7,6,Migration,"$1,721,585",-47.4%,"1,507",-697,"$1,142","$125,952,645",12,Universal Pictures
2024,10,8,5,Madame Web,"$1,636,413",-61.5%,"2,015","-1,101",$812,"$43,131,112",5,Columbia Pictures
2024,10,9,-,Yolo,"$1,199,660",-,200,-,"$5,998","$1,199,660",1,Sony Pictures Releasing
2024,10,10,4,The Chosen: S4 Episodes 7-8,"$1,098,836",-78.3%,"1,037","-1,178","$1,059","$6,920,817",3,Fathom Events
2024,10,11,7,Demon Slayer: Kimetsu No Yaiba - To the Hashira Training,"$835,780",-70.5%,884,"-1,065",$945,"$17,309,995",3,Sony Pictures Releasing
2024,10,12,8,Wonka,"$816,685",-62.3%,"1,004",-728,$813,"$218,006,781",13,Warner Bros.
2024,10,13,9,Argylle,"$576,385",-69.3%,799,"-1,484",$721,"$45,021,990",6,Universal Pictures International (UPI)
2024,10,14,10,The Beekeeper,"$564,894",-62.5%,590,-757,$957,"$65,884,144",9,Metro-Goldwyn-Mayer (MGM)
2024,10,15,12,Perfect Days,"$462,485",-37.2%,241,-30,"$1,919","$2,875,428",6,-
2024,10,16,14,Poor Things,"$398,691",-32.8%,700,+150,$569,"$34,153,331",14,Searchlight Pictures
2024,10,17,15,2024 Oscar Nominated Short Films: Documentary,"$365,808",-36.2%,319,+54,"$1,146","$3,130,105",4,ShortsTV
2024,10,18,-,Forty-Seven Days with Jesus,"$348,317",-,-,-,-,"$348,317",1,Fathom Events
2024,10,19,16,American Fiction,"$336,955",-34.4%,675,+175,$499,"$21,098,470",13,Metro-Goldwyn-Mayer (MGM)
2024,10,20,19,The Zone of Interest,"$287,121",-23.2%,534,-37,$537,"$8,250,188",14,A24
2024,10,21,-,Love Lies Bleeding,"$276,618",-,5,-,"$55,323","$276,618",1,A24
2024,10,22,25,Problemista,"$276,008",+53.3%,20,+15,"$13,800","$456,006",55,A24
2024,10,23,30,Oppenheimer,"$248,010",+98.1%,642,+189,$386,"$329,401,405",34,Universal Pictures
2024,10,24,11,Drive-Away Dolls,"$234,560",-84%,280,"-1,998",$837,"$5,028,215",3,Focus Features
2024,10,25,-,Accidental Texan,"$203,953",-,134,-,"$1,522","$203,953",1,Roadside Attractions
2024,10,26,21,The Taste of Things,"$181,930",-38%,132,-33,"$1,378","$2,462,408",5,IFC Films
2024,10,27,13,Anyone But You,"$173,024",-71.2%,183,-420,$945,"$88,150,109",12,Columbia Pictures
2024,10,28,20,Night Swim,"$132,935",-62.9%,197,-129,$674,"$32,494,740",10,Universal Pictures International (UPI)
2024,10,29,28,Anatomy of a Fall,"$131,282",-11.2%,450,+380,$291,"$5,076,369",22,-
2024,10,30,29,The Holdovers,"$125,895",-0.7%,617,+291,$204,"$20,355,375",20,Focus Features
2024,10,31,18,Article 370,"$118,233",-69%,74,-45,"$1,597","$980,649",3,N/A
2024,10,32,17,Land of Bad,"$86,162",-82.6%,124,-450,$694,"$4,585,042",4,The Avenue Entertainment
2024,10,33,32,Killers of the Flower Moon,"$71,088",-12.9%,505,+76,$140,"$68,026,901",21,Paramount Pictures
2024,10,34,31,The Boy and the Heron,"$52,829",-39.1%,55,-24,$960,"$46,129,157",14,GKIDS
2024,10,35,26,The Boys in the Boat,"$51,551",-68.9%,107,-110,$481,"$52,641,306",12,-
2024,10,36,22,Stopmotion,"$47,637",-79.2%,83,-168,$573,"$784,817",3,IFC Films
2024,10,37,33,Origin,"$46,460",-38%,33,-7,"$1,407","$4,689,830",14,-
2024,10,38,23,Aquaman and the Lost Kingdom,"$44,637",-76.7%,81,-155,$551,"$124,481,226",12,Warner Bros.
2024,10,39,35,Wish,"$30,656",-48.7%,55,-10,$557,"$63,973,821",17,Walt Disney Studios Motion Pictures
2024,10,40,60,Freud's Last Session,"$30,298","+1,495.5%",107,+104,$283,"$901,358",12,Sony Pictures Releasing
2024,10,41,41,Hundreds of Beavers,"$24,402",+5.7%,13,-,"$1,877","$118,147",7,SRH
2024,10,42,40,About Dry Grasses,"$22,672",-2%,19,+13,"$1,193","$67,867",3,Sideshow Releasing
2024,10,43,39,The Teachers' Lounge,"$20,766",-27.8%,27,-28,$769,"$602,912",12,Sony Pictures Releasing
2024,10,44,37,Nostalghia2024 Re-release,"$18,133",-40.5%,7,-,"$2,590","$113,475",4,Kino Lorber
2024,10,45,38,The Peasants,"$16,733",-44.5%,27,-3,$619,"$122,191",7,Sony Pictures Classics
2024,10,46,-,High & Low - John Galliano,"$13,890",-,1,-,"$13,890","$13,890",1,MUBI
2024,10,47,55,Anselm,"$13,659",+346.2%,10,+5,"$1,365","$498,716",14,Janus Films
2024,10,48,42,Shayda,"$12,668",-3.7%,7,+5,"$1,809","$29,095",2,Sony Pictures Releasing
2024,10,49,-,Glitter & Doom,"$6,637",-,2,-,"$3,318","$6,637",2,Music Box Films
2024,10,50,43,The Sweet East,"$6,362",-51.3%,9,-4,$706,"$315,064",15,Utopia
2024,10,51,52,Ennio,"$6,129",+12.5%,5,+1,"$1,225","$39,536",5,Music Box Films
2024,10,52,49,The Monk and the Gun,"$6,090",-18.5%,8,+1,$761,"$145,893",6,A Contracorriente Films
2024,10,53,47,Four Daughters,"$5,533",-38.3%,13,-1,$425,"$126,069",20,Kino Lorber
2024,10,54,46,Amélie2024 Re-release,"$5,178",-47.5%,7,-6,$739,"$483,281",4,Sony Pictures Releasing
2024,10,55,-,Totem,"$4,211",-,8,-,$526,"$93,336",7,Janus Films
2024,10,56,48,They Shot the Piano Player,"$4,060",-51.5%,9,+2,$451,"$24,067",3,Sony Pictures Releasing
2024,10,57,69,Inside the Yellow Cocoon Shell,"$3,192","+1,086.6%",4,+3,$798,"$70,880",8,Kino Lorber
2024,10,58,58,The Invisible Fight,"$2,402",+15.7%,4,-3,$600,"$10,920",3,Kino Lorber
2024,10,59,51,Red Right Hand,"$2,065",-62.8%,4,-12,$516,"$33,324",3,Magnolia Pictures
2024,10,60,56,The Oath,"$1,370",-49.9%,3,-1,$456,"$508,386",14,Freestyle Releasing
2024,10,61,45,Amelia's Children,"$1,028",-89.8%,6,-9,$171,"$11,073",2,Magnolia Pictures
2024,10,62,62,One from the Heart: Reprise2024 Re-release,$999,+21.1%,3,+2,$333,"$50,774",8,Rialto Pictures
2024,10,63,67,Bushman2024 Re-release,$623,+69.8%,2,-,$311,"$25,953",6,Kino Lorber
2024,10,64,50,The Stolen Valley,$568,-91.2%,3,-20,$189,"$38,138",3,Blue Fox Entertainment
2024,10,65,70,The Crime Is Mine,$459,+91.2%,1,-,$459,"$101,273",12,Music Box Films
2024,10,66,-,Skin Deep,$269,-,1,-,$269,"$8,831",6,Kino Lorber
2024,10,67,64,Golden Years,$204,-66.8%,1,-,$204,"$9,179",3,Music Box Films
2024,10,68,61,Household Saints2024 Re-release,$138,-91.3%,1,-1,$138,"$28,706",9,Kino Lorber
2024,10,69,71,Fitting In,$34,-51.4%,1,-,$34,"$87,995",6,Blue Fox Entertainment
2024,11,1,2,Dune: Part Two,"$39,540,626",-39.3%,"3,847",-227,"$10,278","$215,758,543",3,Warner Bros.
2024,11,2,1,Kung Fu Panda 4,"$38,693,600",-50.2%,"4,067",+32,"$9,514","$116,437,355",2,Universal Pictures
2024,11,3,-,Arthur the King,"$10,270,255",-,"3,003",-,"$3,419","$10,270,255",1,Lionsgate Films
2024,11,4,3,Imaginary,"$7,343,130",-45.5%,"3,118",-,"$2,355","$20,824,798",2,Lionsgate Films
2024,11,5,4,Cabrini,"$4,545,677",-55.4%,"2,850",+10,"$1,594","$14,734,603",2,Angel Studios
2024,11,6,21,Love Lies Bleeding,"$3,817,200","+1,280%","1,362","+1,357","$2,802","$4,093,818",2,A24
2024,11,7,5,Bob Marley: One Love,"$3,151,597",-45.6%,"2,272",-492,"$1,387","$94,216,599",6,Paramount Pictures
2024,11,8,-,One Life,"$2,446,392",-,983,-,"$2,488","$2,446,392",1,Bleecker Street Media
2024,11,9,-,The American Society of Magical Negroes,"$1,764,755",-,"1,147",-,"$1,538","$1,764,755",1,Focus Features
2024,11,10,-,The Ark and the Darkness,"$1,706,239",-,"1,030",-,"$1,656","$1,706,239",1,Fathom Events
2024,11,11,6,Ordinary Angels,"$1,401,828",-52.6%,"1,756",-567,$798,"$18,474,749",4,-
2024,11,12,-,Neon Genesis Evangelion: The End of Evangelion,"$1,237,027",-,570,-,"$2,170","$1,237,027",1,GKIDS
2024,11,13,7,Migration,"$757,040",-56%,879,-628,$861,"$126,709,685",13,Universal Pictures
2024,11,14,8,Madame Web,"$539,720",-67%,"1,058",-957,$510,"$43,670,832",6,Columbia Pictures
2024,11,15,23,Oppenheimer,"$461,135",+85.9%,"1,323",+681,$348,"$329,862,540",35,Universal Pictures
2024,11,16,9,Yolo,"$440,902",-63.2%,200,-,"$2,204","$1,640,562",2,Sony Pictures Releasing
2024,11,17,-,Snack Shack,"$405,672",-,437,-,$928,"$405,672",1,Republic Pictures (II)
2024,11,18,22,Problemista,"$386,893",+40.2%,63,+43,"$6,141","$842,899",56,A24
2024,11,19,16,Poor Things,"$337,845",-15.3%,840,+140,$402,"$34,491,176",15,Searchlight Pictures
2024,11,20,15,Perfect Days,"$245,425",-46.9%,144,-97,"$1,704","$3,120,853",7,-
2024,11,21,11,Demon Slayer: Kimetsu No Yaiba - To the Hashira Training,"$243,300",-70.9%,257,-627,$946,"$17,553,295",4,Sony Pictures Releasing
2024,11,22,14,The Beekeeper,"$242,441",-57.1%,307,-283,$789,"$66,126,585",10,Metro-Goldwyn-Mayer (MGM)
2024,11,23,20,The Zone of Interest,"$229,876",-19.9%,212,-322,"$1,084","$8,480,064",15,A24
2024,11,24,12,Wonka,"$225,606",-72.4%,382,-622,$590,"$218,232,387",14,Warner Bros.
2024,11,25,13,Argylle,"$185,285",-67.9%,266,-533,$696,"$45,207,275",7,Universal Pictures International (UPI)
2024,11,26,10,The Chosen: S4 Episodes 7-8,"$137,493",-87.5%,287,-750,$479,"$7,058,310",4,Fathom Events
2024,11,27,34,The Boy and the Heron,"$68,898",+30.4%,61,+6,"$1,129","$46,198,055",15,GKIDS
2024,11,28,27,Anyone But You,"$56,609",-67.3%,75,-108,$754,"$88,206,718",13,Columbia Pictures
2024,11,29,25,Accidental Texan,"$56,395",-72.3%,110,-24,$512,"$260,348",2,Roadside Attractions
2024,11,30,26,The Taste of Things,"$52,216",-71.3%,75,-57,$696,"$2,514,624",6,IFC Films
2024,11,31,41,Hundreds of Beavers,"$35,252",+44.5%,19,+6,"$1,855","$153,300",8,SRH
2024,11,32,17,2024 Oscar Nominated Short Films: Documentary,"$25,777",-93%,21,-298,"$1,227","$3,155,882",5,ShortsTV
2024,11,33,32,Land of Bad,"$24,769",-71.3%,41,-83,$604,"$4,609,811",5,The Avenue Entertainment
2024,11,34,44,Nostalghia2024 Re-release,"$20,031",+10.5%,6,-1,"$3,338","$133,505",5,Kino Lorber
2024,11,35,42,About Dry Grasses,"$18,438",-18.7%,18,-1,"$1,024","$86,272",4,Sideshow Releasing
2024,11,36,-,Classe Tous Risques2024 Re-release,"$16,168",-,1,-,"$16,168","$16,168",1,Rialto Distribution
2024,11,37,-,Uproar,"$13,562",-,33,-,$410,"$13,562",1,Blue Fox Entertainment
2024,11,38,46,High & Low - John Galliano,"$13,181",-5.1%,4,+3,"$3,295","$30,515",2,MUBI
2024,11,39,-,Pastor's Kid,"$12,215",-,38,-,$321,"$12,215",1,Atlas Distribution Company
2024,11,40,-,The Animal Kingdom,"$10,757",-,13,-,$827,"$10,757",1,Magnolia Pictures
2024,11,41,-,Club Zero,"$9,453",-,1,-,"$9,453","$9,453",1,Film Movement
2024,11,42,52,The Monk and the Gun,"$9,362",+53.7%,11,+3,$851,"$155,255",7,A Contracorriente Films
2024,11,43,43,The Teachers' Lounge,"$8,388",-59.6%,12,-15,$699,"$611,300",13,Sony Pictures Releasing
2024,11,44,48,Shayda,"$7,207",-43.1%,9,+2,$800,"$36,302",3,Sony Pictures Releasing
2024,11,45,-,Prey,"$5,336",-,5,-,"$1,067","$5,336",1,Vertical Entertainment
2024,11,46,49,Glitter & Doom,"$5,309",-20%,11,+9,$482,"$11,946",3,Music Box Films
2024,11,47,47,Anselm,"$5,174",-62.1%,6,-4,$862,"$503,350",15,Janus Films
2024,11,48,-,Remembering Gene Wilder,"$4,575",-,2,-,"$2,287","$10,432",1,Kino Lorber
2024,11,49,51,Ennio,"$4,512",-26.4%,4,-1,"$1,128","$44,048",6,Music Box Films
2024,11,50,36,Stopmotion,"$4,409",-90.7%,11,-72,$400,"$789,226",4,IFC Films
2024,11,51,56,They Shot the Piano Player,"$4,220",+3.9%,11,+2,$383,"$28,287",4,Sony Pictures Releasing
2024,11,52,45,The Peasants,"$4,081",-75.6%,10,-17,$408,"$126,272",8,Sony Pictures Classics
2024,11,53,50,The Sweet East,"$3,953",-37.9%,8,-1,$494,"$319,017",16,Utopia
2024,11,54,65,The Crime Is Mine,"$3,936",+757.5%,3,+2,"$1,312","$105,209",13,Music Box Films
2024,11,55,40,Freud's Last Session,"$2,740",-91%,8,-99,$342,"$904,098",13,Sony Pictures Releasing
2024,11,56,53,Four Daughters,"$2,455",-55.6%,7,-6,$350,"$128,524",21,Kino Lorber
2024,11,57,59,Red Right Hand,"$2,044",-1%,1,-3,"$2,044","$35,368",4,Magnolia Pictures
2024,11,58,54,Amélie2024 Re-release,"$2,043",-60.5%,1,-6,"$2,043","$485,324",5,Sony Pictures Releasing
2024,11,59,63,Bushman2024 Re-release,"$1,331",+113.6%,2,-,$665,"$27,284",7,Kino Lorber
2024,11,60,60,The Oath,"$1,084",-20.9%,3,-,$361,"$509,470",15,Freestyle Releasing
2024,11,61,67,Golden Years,"$1,003",+391.7%,3,+2,$334,"$10,182",4,Music Box Films
2024,11,62,-,On the Adamant,$872,-,2,-,$436,"$12,665",1,Kino Lorber
2024,11,63,55,Totem,$850,-79.8%,4,-4,$212,"$94,186",8,Janus Films
2024,11,64,68,Household Saints2024 Re-release,$812,+488.4%,2,+1,$406,"$29,518",10,Kino Lorber
2024,11,65,64,The Stolen Valley,$771,+35.7%,3,-,$257,"$38,909",4,Blue Fox Entertainment
2024,11,66,57,Inside the Yellow Cocoon Shell,$673,-78.9%,2,-2,$336,"$71,553",9,Kino Lorber
2024,11,67,-,Popular Theory,$631,-,1,-,$631,"$38,781",6,Blue Fox Entertainment
2024,11,68,58,The Invisible Fight,$559,-76.7%,2,-2,$279,"$11,479",4,Kino Lorber
2024,11,69,66,Skin Deep,$83,-69.1%,1,-,$83,"$8,914",7,Kino Lorber
2024,12,1,-,Ghostbusters: Frozen Empire,"$57,701,133",-,"4,345",-,"$13,279","$57,701,133",1,Sony Pictures Releasing
2024,12,2,1,Dune: Part Two,"$25,531,484",-35.4%,"3,437",-410,"$7,428","$241,290,027",4,Warner Bros.
2024,12,3,2,Kung Fu Panda 4,"$25,014,700",-35.4%,"3,805",-262,"$6,574","$141,452,055",3,Universal Pictures
2024,12,4,-,Immaculate,"$7,863,191",-,"2,354",-,"$3,340","$7,863,191",1,-
2024,12,5,3,Arthur the King,"$6,396,142",-37.7%,"3,003",-,"$2,129","$16,666,397",2,Lionsgate Films
2024,12,6,-,Late Night with the Devil,"$4,088,758",-,"1,034",-,"$3,954","$4,088,758",1,IFC Films
2024,12,7,4,Imaginary,"$4,010,256",-45.4%,"2,513",-605,"$1,595","$24,835,054",3,Lionsgate Films
2024,12,8,6,Love Lies Bleeding,"$2,452,976",-35.7%,"1,828",+466,"$1,341","$6,546,794",3,A24
2024,12,9,5,Cabrini,"$2,369,785",-47.9%,"1,765","-1,085","$1,342","$17,104,388",3,Angel Studios
2024,12,10,7,Bob Marley: One Love,"$1,632,839",-48.2%,"1,266","-1,006","$1,289","$95,849,438",7,Paramount Pictures
2024,12,11,8,One Life,"$1,600,160",-34.6%,"1,009",+26,"$1,585","$4,046,552",2,Bleecker Street Media
2024,12,12,-,Luca,"$895,871",-,"1,390",-,$644,"$895,871",145,Walt Disney Studios Motion Pictures
2024,12,13,18,Problemista,"$689,857",+78.3%,237,+174,"$2,910","$1,532,756",57,A24
2024,12,14,9,The American Society of Magical Negroes,"$630,525",-64.3%,"1,153",+6,$546,"$2,395,280",2,Focus Features
2024,12,15,-,Winnie-the-Pooh: Blood and Honey 2,"$533,144",-,"1,489",-,$358,"$533,144",1,Fathom Events
2024,12,16,11,Ordinary Angels,"$511,524",-63.5%,705,"-1,051",$725,"$18,986,273",5,-
2024,12,17,-,The Chosen: S4 Episodes 1-3,"$493,653",-,"1,037",-,$476,"$14,409,169",9,Fathom Events
2024,12,18,-,You Can Call Me Bill,"$472,742",-,285,-,"$1,658","$472,742",1,N/A
2024,12,19,27,The Boy and the Heron,"$412,713",+499%,440,+379,$937,"$46,610,768",16,GKIDS
2024,12,20,13,Migration,"$340,885",-55%,401,-478,$850,"$127,050,570",14,Universal Pictures
2024,12,21,20,Perfect Days,"$186,582",-24%,77,-67,"$2,423","$3,307,435",8,-
2024,12,22,16,Yolo,"$178,259",-59.6%,71,-129,"$2,510","$1,818,821",3,Sony Pictures Releasing
2024,12,23,14,Madame Web,"$100,968",-81.3%,172,-886,$587,"$43,771,800",7,Columbia Pictures
2024,12,24,24,Wonka,"$99,814",-55.8%,163,-219,$612,"$218,332,201",15,Warner Bros.
2024,12,25,23,The Zone of Interest,"$96,393",-58.1%,84,-128,"$1,147","$8,576,457",16,A24
2024,12,26,22,The Beekeeper,"$93,950",-61.2%,135,-172,$695,"$66,220,535",11,Metro-Goldwyn-Mayer (MGM)
2024,12,27,30,The Taste of Things,"$90,092",+72.5%,70,-5,"$1,287","$2,604,716",7,IFC Films
2024,12,28,21,Demon Slayer: Kimetsu No Yaiba - To the Hashira Training,"$70,128",-71.2%,73,-184,$960,"$17,623,423",5,Sony Pictures Releasing
2024,12,29,12,Neon Genesis Evangelion: The End of Evangelion,"$65,273",-94.7%,77,-493,$847,"$1,302,300",2,GKIDS
2024,12,30,19,Poor Things,"$62,049",-81.6%,55,-785,"$1,128","$34,553,225",16,Searchlight Pictures
2024,12,31,28,Anyone But You,"$53,941",-4.7%,45,-30,"$1,198","$88,260,659",14,Columbia Pictures
2024,12,32,17,Snack Shack,"$50,036",-87.7%,145,-292,$345,"$455,708",2,Republic Pictures (II)
2024,12,33,-,Carol Doda Topless at the Condor,"$46,811",-,4,-,"$11,702","$46,811",1,Picturehouse
2024,12,34,10,The Ark and the Darkness,"$32,021",-98.1%,76,-954,$421,"$1,738,260",2,Fathom Events
2024,12,35,31,Hundreds of Beavers,"$24,170",-31.4%,13,-6,"$1,859","$177,470",9,SRH
2024,12,36,52,The Peasants,"$23,450",+474.6%,251,+241,$93,"$149,722",9,Sony Pictures Classics
2024,12,37,-,Femme,"$21,765",-,1,-,"$21,765","$21,765",1,Utopia
2024,12,38,48,Remembering Gene Wilder,"$21,740",+375.2%,8,+6,"$2,717","$32,172",2,Kino Lorber
2024,12,39,34,Nostalghia2024 Re-release,"$16,962",-15.3%,5,-1,"$3,392","$150,467",6,Kino Lorber
2024,12,40,26,The Chosen: S4 Episodes 7-8,"$16,327",-88.1%,57,-230,$286,"$7,074,637",5,Fathom Events
2024,12,41,35,About Dry Grasses,"$14,515",-21.3%,18,-,$806,"$100,787",5,Sideshow Releasing
2024,12,42,44,Shayda,"$11,284",+56.6%,12,+3,$940,"$47,586",4,Sony Pictures Releasing
2024,12,43,-,Limbo,"$10,694",-,2,-,"$5,347","$10,694",1,Music Box Films
2024,12,44,29,Accidental Texan,"$10,407",-81.5%,16,-94,$650,"$270,755",3,Roadside Attractions
2024,12,45,-,Free Time,"$8,463",-,1,-,"$8,463","$8,463",1,-
2024,12,46,-,Do Not Expect Too Much from the End of the World,"$8,063",-,1,-,"$8,063","$21,689",1,MUBI
2024,12,47,43,The Teachers' Lounge,"$7,201",-14.2%,9,-3,$800,"$618,503",14,Sony Pictures Releasing
2024,12,48,36,Classe Tous Risques2024 Re-release,"$6,568",-59.4%,1,-,"$6,568","$22,736",2,Rialto Distribution
2024,12,49,32,2024 Oscar Nominated Short Films: Documentary,"$6,411",-75.1%,4,-17,"$1,602","$3,162,293",6,ShortsTV
2024,12,50,33,Land of Bad,"$6,142",-75.2%,9,-32,$682,"$4,615,953",6,The Avenue Entertainment
2024,12,51,38,High & Low - John Galliano,"$5,996",-54.5%,4,-,"$1,499","$36,511",3,MUBI
2024,12,52,63,Totem,"$4,829",+468.1%,4,-,"$1,207","$99,015",9,Janus Films
2024,12,53,56,Four Daughters,"$4,354",+77.4%,8,+1,$544,"$132,878",22,Kino Lorber
2024,12,54,37,Uproar,"$3,577",-73.6%,4,-29,$894,"$17,139",2,Blue Fox Entertainment
2024,12,55,49,Ennio,"$3,112",-31%,3,-1,"$1,037","$47,160",7,Music Box Films
2024,12,56,-,The Heart Stays,"$2,810",-,5,-,$562,"$18,310",1,Indican Pictures
2024,12,57,55,Freud's Last Session,"$2,185",-20.3%,3,-5,$728,"$906,283",14,Sony Pictures Releasing
2024,12,58,46,Glitter & Doom,"$1,919",-63.9%,6,-5,$319,"$13,865",4,Music Box Films
2024,12,59,51,They Shot the Piano Player,"$1,698",-59.8%,5,-6,$339,"$30,812",5,Sony Pictures Releasing
2024,12,60,53,The Sweet East,"$1,625",-58.9%,3,-5,$541,"$320,642",17,Utopia
2024,12,61,66,Inside the Yellow Cocoon Shell,"$1,074",+59.6%,3,+1,$358,"$72,628",10,Kino Lorber
2024,12,62,40,The Animal Kingdom,"$1,010",-90.6%,1,-12,"$1,010","$11,767",2,Magnolia Pictures
2024,12,63,61,Golden Years,$817,-18.5%,1,-2,$817,"$10,999",5,Music Box Films
2024,12,64,64,Household Saints2024 Re-release,$807,-0.6%,3,+1,$269,"$30,325",11,Kino Lorber
2024,12,65,42,The Monk and the Gun,$675,-92.8%,6,-5,$112,"$155,930",8,A Contracorriente Films
2024,12,66,62,On the Adamant,$598,-31.4%,2,-,$299,"$13,263",2,Kino Lorber
2024,12,67,54,The Crime Is Mine,$573,-85.4%,1,-2,$573,"$105,782",14,Music Box Films
2024,12,68,58,Amélie2024 Re-release,$567,-72.2%,2,+1,$283,"$485,891",6,Sony Pictures Releasing
2024,12,69,-,Other People's Children,$392,-,1,-,$392,"$86,747",49,Music Box Films
2024,12,70,59,Bushman2024 Re-release,$345,-74.1%,1,-1,$345,"$27,628",8,Kino Lorber
